law360_firm_id,law360_firm_name,Lawfirm,LawFirmId,AggregatedDealvalue,DealCount,dupe_MA,qualify_MA,notes_MA,combine_MA
,Hill Ward,Hill Ward Henderson,6119,"$3,577,000,000.00",2,duplicate,,combine with hill ward,HIL7420
HIL7420,Hill Ward,Hill Ward & Henderson,1217,"$853,000,000.00",3,,,,
,,Davidoff Hutcher & Citron,4904,"$125,000,000.00",1,duplicate,,combine with davidoff,DAV6829
DAV6829,,"Davidoff, Hutcher and Citron",5955,"$32,100,000.00",2,,,,
DUA7765,Duane Morris,Duane Morris,2825,"$1,349,688,817.00",15,,,,
,,Duane Morris & Selvam,7608,"$37,000,000.00",1,international,,combine with duane morris,DUA7765
,,Rogers & Hardin,2191,$ -,1,merged,0,"combine with smith gambrell, no deal value",SMI5228
TRO5042,Troutman Pepper,Troutman Pepper Hamilton Sanders,9634,"$16,392,728,717.00",44,,,,
ARE7461,Arent Fox,ArentFox Schiff,2797,"$2,788,900,000.00",12,,,,
TAF9792,Taft,Taft Stettinius & Hollister,2902,"$1,008,885,683.00",13,,,,
,,Pepper Hamilton,2020,"$496,240,000.00",7,merged,,combine with troutman sanders,TRO5042
,,Briggs and Morgan,337,"$255,000,000.00",1,merged,,combine with taft,TAF9792
,,Durham Jones & Pinegar,3751,"$205,323,642.00",4,merged,,combine with dentons,DEN8962
,Davis Brown,Davis Brown Law Firm,5689,"$22,300,000.00",1,merged,,combine with dentons,DEN8962
,,"Pircher, Nichols & Meeks",6427,"$20,000,000.00",1,merged,,combine with holland and knight,HOL8724
,,Vandeventer Black,9969,"$7,300,000.00",1,merged,,combine with Woods Rogers,WOO5905
,,Robinson Brog Leinwand Greene Genovese & Gluck,6745,"$1,000,000.00",2,merged,,combine with Leech Tishman,LEE6006
,Brinks Gilson,,,,,merged,0,"combine with Crowel and Moring, no deal value",CRO9129
,Schiff Hardin,,,,,merged,0,"combine with arent fox, no deal value",ARE7461
,Thompson & Knight LLP,,,,,merged,0,"combine with holland and knight, no deal value",HOL8724
CHA4530,Chamberlain Hrdlicka,"Chamberlain, Hrdlicka, White, Williams & Aughtry",7054,$ -,1,,,,
FAR3874,Farella Braun,Farella Braun + Martel,3795,$ -,1,,,,
GIB2576,Gibbons,Gibbons,6481,$ -,1,,,,
KEL6216,Kelly Hart,Kelly Hart & Hallman,1440,$ -,3,,,,
WHI4236,Whiteford Taylor,Whiteford Taylor Preston,2687,$ -,1,,,,
WYA3604,Wyatt Tarrant,"Wyatt, Tarrant & Combs",9259,$ -,2,,,,
,,"Jonathan E. Soneff, Law Offices of",10035,$ -,1,,,,
,,"Michael A. Littman, Attorney at Law",9254,$ -,2,,,,
,,Barnea Jaffa Lande Law offices,8072,$ -,1,,,,
,,VLP Law Group,6412,$ -,1,,,,
,,S. Friedman,5999,$ -,1,,,,
,,Berg Hill Greenleaf & Ruscitti,6300,$ -,1,,,,
,,Scheef & Stone,2265,$ -,2,,,,
,,Greenfields Law,8903,$ -,1,,,,
,,Silvestre Law Group,9134,$ -,3,,,,
,,"Brewer, Pritchard & Buckley",332,$ -,1,,,,
,,"Frank J. Hariton, Attorney at Law",9692,$ -,1,,,,
,,Clayton Utz,5479,$ -,1,,,,
,,BurgherGray,9666,$ -,1,,,,
,,Ragghianti Freitas,10154,$ -,1,,,,
,,Baril & Advogados Associados,9501,$ -,1,,,,
,,Hughes Arrell Kinchen,9419,$ -,1,,,,
,,"Anderson, O'Brien Law Firm",9688,$ -,1,,,,
,,Ephraim Abramson,5542,$ -,1,,,,
,,Burningham Law Group,8904,$ -,1,,,,
,,Wilson Bradshaw,9943,$ -,1,,,,
,,Belin McCormick,6555,$ -,1,,,,
,,Rajah & Tann Singapore,8039,$ -,1,,,,
,,Saeed & Little,10284,$ -,1,,,,
,,"Ori Skuza, Law Offices of",10099,$ -,1,,,,
,,The Doney Law Firm,9195,$ -,1,,,,
,,Davisson & Associates,3696,$ -,1,,,,
,,Shibolet. Law Firm,8863,$ -,2,,,,
,,Corrs Chambers Westgarth,5305,$ -,1,,,,
,,"Mattos Filho, Veiga Filho, Marrey Jr and Quiroga",5408,$ -,2,,,,
,,"Shnitzer, Gotlieb, Samet",9333,$ -,1,,,,
,,Trethowans,9940,$ -,1,,,,
,,The Wallace Law Group,9347,$ -,1,,,,
,,Moran,10277,$ -,1,,,,
,,Brinen & Associates,6768,$ -,1,,,,
,,"Ciardi, Ciardi & Astin ",9841,$ -,1,,,,
,,Loyens & Loeff,5730,$ -,1,,,,
,,Giannetto Law,9588,$ -,1,,,,
,,Deloitte,7919,$ -,1,,,,
,,"Poulson, Odell & Peterson",9863,$ -,1,,,,
,,Horwitz & Armstrong,7977,$ -,1,,,,
,,Sessine Feron,9910,$ -,1,,,,
,,Weintraub Law,2656,$ -,1,,,,
,,Verge Law Group,9932,$ -,1,,,,
,,Hallett & Perrin,1152,$ -,1,,,,
,,"Jolie Kahn, Esq.",6087,$ -,1,,,,
,,Krieger & Prager,4978,$ -,1,,,,
,,T&C Law Firm,9421,$ -,1,,,,
,,HMB Legal Counsel,9861,$ -,1,,,,
,,"Coan, Payton & Payne",9552,$ -,1,,,,
,,Nick Brown Law Firm,9515,$ -,1,,,,
,,Clifford L. Neuman,6036,$ -,2,,,,
,,Hassans,4943,$ -,1,,,,
,,KRB Law,9869,$ -,1,,,,
,,Stephenson Harwood,5079,$ -,1,,,,
,,The Weinstein Group,9853,$ -,1,,,,
,,Agmon & Co. Rosenberg Hacohen & Co.,9494,$ -,1,,,,
,,Advokatfirmaet Thommessen,6538,$ -,1,,,,
,,"Tune, Entrekin & White",9952,$ -,1,,,,
,,Morton Law,7964,$ -,1,,,,
,,Law offices of Aaron A Grunfeld,8849,$ -,1,,,,
,,Nauth,9599,$ -,1,,,,
,,L2 Counsel,9780,$ -,1,,,,
,,CMS Hasche Sigle,4893,$ -,2,,,,
,,Noerr,7697,$ -,1,,,,
,,Carney Badley & Spellman,445,$ -,1,,,,
,,Pearlman Schneider,8176,$ -,1,,,,
,,"Izardel, Shapira",10235,$ -,1,,,,
,,Coast Law Group,9886,$ -,1,,,,
,,"Conway Eader, Attorneys at Law",9399,$ -,1,,,,
,,"Osher Ben-Ezri, Law Offices of",10274,$ -,1,,,,
,,Blakely Sokoloff Taylor & Zafman,9795,$ -,1,,,,
,,Reitler Kailas & Rosenblatt,5576,$ -,1,,,,
,,Ruder Ware,2218,$ -,1,,,,
,,Corporate Law Solutions,6669,$ -,1,,,,
,,Smith Eilers,10194,$ -,1,,,,
,,Farris,9497,$ -,1,,,,
,,Bristows,7970,$ -,1,,,,
,,Berger Legal,10250,$ -,2,,,,
,,Allman Spry Davis Leggett & Crumpler,7840,$ -,1,,,,
,,Skeen Law,9767,$ -,1,,,,
,,Rice Reuther Sullivan & Carroll,9739,$ -,1,,,,
,,Gottbetter & Partners,1082,$ -,1,,,,
,,Blalock Walters,7775,$ -,1,,,,
,,"Tin Kin Lee, Law Offices of",9365,$ -,1,,,,
,,Cohen Tauber Spievack & Wagner,6346,$ -,1,,,,
,,Law Office of Deven S. Kane,10077,$ -,1,,,,
,,Jingtian & Gongcheng,7972,$ -,1,,,,
,,Advokatfirma Wiersholm AS,7071,$ -,1,,,,
,,Di Santo Law,9696,$ -,1,,,,
,,Cutler Law Group,639,$ -,1,,,,
,,Metz Lewis Brodman Must O'Keefe,7824,$ -,1,,,,
,,Sutter Law,9590,$ -,1,,,,
,,Keystone Law,10069,$ -,2,,,,
,,Timothy B. Gavigan,9247,$ -,1,,,,
,,Harris Berne Christensen,9763,$ -,1,,,,
,,YK Law,10155,$ -,1,,,,
,,Ramunno Advogados,9681,$ -,1,,,,
,,Hutchinson Black and Cook,9784,$ -,1,,,,
,,"Jonathan D, Leinwand",5435,$ -,1,,,,
,,Chitiz Pathak,7513,$ -,1,,,,
,,Seck & Associates,9727,$ -,1,,,,
,,Kirsh Securities,9796,$ -,1,,,,
,,"David Aboudi, Attorney at Law",9594,$ -,1,,,,
,,"Koenig, Oelsner, Taylor, Schoenfeld & Gaddis",9656,$ -,1,,,,
,,Dunlap Bennett & Ludwig,10242,$ -,1,,,,
,,Hiller,9621,$ -,1,,,,
,,Kirkpatrick & Lockhart,4130,$ -,1,,,,
,,Doumar Martin,9491,$ -,1,,,,
,,"Rob Cucher, Law Offices of",10195,$ -,1,,,,
,,"Ronald J. Stauber, Law Offices of",5944,$ -,1,,,,
,,Gebhardt & Smith,9923,$ -,1,,,,
,,Burns Figa & Will,395,$ -,1,,,,
,,Patterson Thuente,10251,$ -,1,,,,
,,Ramsay Lampman Rhodes,9942,$ -,1,,,,
,,Brinkley Morgan,9542,$ -,1,,,,
,,Kellerhals Carrard,4968,$ -,1,,,,
,,GTC Law Group,6637,$ -,1,,,,
,,Claro & Cia,3593,$ -,1,,,,
,,Kline Law Group,6338,$ -,1,,,,
,,"Price & Associates, Attorneys at Law",9334,$ -,1,,,,
,,Mannheimer Swartling Advokatbyr,6543,$ -,1,,,,
,,Goodwin & Goodwin,1071,$ -,1,,,,
,,Klitenic Law Group,9601,$ -,1,,,,
,,Prospera Law,4194,$ -,1,,,,
,,"Otto E. Sorensen, Attorney at Law",9655,$ -,1,,,,
,,"Burnet, Duckworth & Palmer",390,$ -,1,,,,
,,"Frederick M. Lehrer, Attorney at Law",8840,$ -,1,,,,
,,BraunHagey & Borden,9935,$ -,1,,,,
,,Hand Baldachin & Associates,9363,$ -,1,,,,
,,Errecondo Gonzalez & Funes Abogados,8774,$ -,1,,,,
,,"Robert Brantl, Esq.",5887,$ -,1,,,,
,,Randall Greer,10112,$ -,1,,,,
,,Snell & Smith,2392,$ -,1,,,,
,,Libertas Law Group,9297,$ -,1,,,,
,,Rothschild,8486,$ -,1,,,,
,,McGeary Cukor,9958,$ -,1,,,,
,,Meister Seelig & Fein,4281,$ -,2,,,,
,,Pestalozzi Attorneys at Law,6009,$ -,1,,,,
,,Adams Corporate Law,9839,$ -,1,,,,
,,ZAG/S&W,6072,$ -,1,,,,
,,Green Schoenfeld & Kyle,9858,$ -,1,,,,
,,Boardman & Clark,5279,$ -,2,,,,
,,Allen & Gledhill,3323,$ -,1,,,,
,,CMS Legal,4892,$ -,1,,,,
WAC3922,Wachtell,"Wachtell, Lipton, Rosen & Katz",2909,"$1,070,019,563,456.00",151,,,,
SKA5809,Skadden,"Skadden, Arps, Slate, Meagher & Flom",2895,"$680,065,123,960.00",211,,,,
KIR1429,Kirkland,Kirkland & Ellis,1469,"$655,001,828,945.00",269,,,,
LAT5090,Latham,Latham & Watkins,2856,"$601,026,115,598.00",255,,,,
PAU8288,Paul Weiss,"Paul, Weiss, Rifkind, Wharton & Garrison",2880,"$400,946,936,376.00",99,,,,
SIM9580,Simpson Thacher,Simpson Thacher & Bartlett,2894,"$357,561,531,218.00",110,,,,
SUL2314,Sullivan & Cromwell,Sullivan & Cromwell,2900,"$339,023,937,917.00",103,,,,
DAV2937,Davis Polk,Davis Polk & Wardwell,2815,"$313,434,801,991.00",97,,,,
CRA6235,Cravath,"Cravath, Swaine & Moore",2813,"$241,558,487,831.00",55,,,,
WEI2027,Weil,"Weil, Gotshal & Manges",2911,"$237,170,437,303.00",93,,,,
ROP8711,Ropes & Gray,Ropes & Gray,2196,"$181,299,120,318.00",72,,,,
GOO1738,Goodwin,Goodwin Procter,2837,"$177,486,295,259.00",122,,,,
SHE2026,Shearman,Shearman & Sterling,2889,"$169,141,451,106.00",46,,,,
CLE6909,Cleary,Cleary Gottlieb Steen & Hamilton,2809,"$163,364,648,150.00",39,,,,
JON3485,Jones Day,Jones Day,2850,"$155,160,811,737.00",78,,,,
COO1982,Cooley,Cooley,9248,"$148,769,855,323.00",126,,,,
LIN8596,,Linklaters,5317,"$140,162,051,750.00",16,,,,
DLA8531,DLA Piper,DLA Piper,2821,"$121,379,732,398.00",125,,,,
COV3180,Covington,Covington & Burling,2812,"$119,938,389,976.00",46,,,,
ARN6021,Arnold & Porter,Arnold & Porter Kaye Scholer,2798,"$118,268,300,000.00",18,,,,
SLA5211,,Slaughter and May,4607,"$116,375,042,500.00",13,,,,
FRE1113,,Freshfields Bruckhaus Deringer,2831,"$113,513,948,212.00",30,,,,
WHI8202,White & Case,White & Case,2912,"$103,208,259,850.00",57,,,,
HOG2532,Hogan Lovells,Hogan Lovells,2844,"$103,148,971,224.00",72,,,,
SID2808,Sidley,Sidley Austin,2352,"$101,557,554,705.00",97,,,,
WIL9164,Wilson Sonsini,Wilson Sonsini Goodrich & Rosati,2918,"$98,743,904,973.00",92,,,,
DEB3000,Debevoise,Debevoise & Plimpton,2817,"$97,356,996,199.00",38,,,,
,,McCann Fitzgerald Solicitors,4258,"$96,360,000,000.00",3,,,,
BAK1239,Baker McKenzie,Baker McKenzie,7783,"$94,794,551,455.00",28,,,,
POT1196,,Potter Anderson & Corroon,4443,"$94,540,000,000.00",8,,,,
VIN6290,Vinson & Elkins,Vinson & Elkins,2907,"$85,910,257,730.00",88,,,,
WIL6949,WilmerHale,Wilmer Cutler Pickering Hale and Dorr,2714,"$83,003,825,580.00",36,,,,
GIB4549,Gibson Dunn,"Gibson, Dunn & Crutcher",2835,"$82,262,707,789.00",105,,,,
RIC1321,Richards Layton,"Richards, Layton & Finger",7180,"$75,487,960,000.00",16,,,,
WIL9392,Willkie,Willkie Farr & Gallagher,2916,"$75,037,053,832.00",53,,,,
STI9829,,Stikeman Elliott,2455,"$74,612,347,975.00",44,,,,
HUG9259,Hughes Hubbard,Hughes Hubbard & Reed,1267,"$71,746,500,000.00",17,,,,
,,Arthur Cox,3353,"$70,782,000,000.00",6,,,,
BAK9080,Baker Botts,Baker Botts,2800,"$66,512,910,710.00",44,,,,
,,Nishimura & Asahi,4357,"$66,200,000,000.00",3,,,,
,,Nagashima Ohno & Tsunematsu,4336,"$65,056,106,509.00",4,,,,
,,Mourant,8195,"$63,250,000,000.00",2,,,,
NOR7957,Norton Rose Fulbright,Norton Rose Fulbright,5811,"$62,894,020,825.00",43,,,,
FRI3491,Fried Frank,"Fried, Frank, Harris, Shriver & Jacobson",2832,"$57,147,900,000.00",29,,,,
CLI3554,Clifford Chance,Clifford Chance,7179,"$56,777,743,441.00",19,,,,
PIL4685,Pillsbury,Pillsbury Winthrop Shaw Pittman,2881,"$56,234,100,000.00",36,,,,
MOR8926,Morgan Lewis,"Morgan, Lewis & Bockius",6731,"$55,322,553,212.00",64,,,,
GRE1872,Greenberg Traurig,Greenberg Traurig,1105,"$52,170,892,735.00",66,,,,
MAB2454,Mayer Brown,Mayer Brown,5477,"$51,678,226,224.00",54,,,,
BLA9488,,"Blake, Cassels & Graydon",9242,"$51,011,663,276.00",39,,,,
FEN1041,Fenwick,Fenwick & West,2829,"$50,827,272,272.00",53,,,,
,,Eubelius,6280,"$50,500,000,000.00",1,,,,
AKI5112,Akin Gump,Akin Gump Strauss Hauer & Feld,5703,"$47,649,336,581.00",29,,,,
MIL6748,Milbank,Milbank,2864,"$43,274,495,750.00",29,,,,
PAU7660,Paul Hastings,Paul Hastings,9251,"$43,193,495,236.00",48,,,,
WIN8608,Winston & Strawn,Winston & Strawn,2728,"$38,949,600,000.00",63,,,,
,,NautaDutilh,1872,"$38,689,918,100.00",6,,,,
ALL2087,,Allen & Overy,42,"$38,363,316,813.00",19,,,,
,,Davies Ward Phillips & Vineberg,675,"$37,793,975,580.00",10,,,,
,,Gilbert + Tobin,5639,"$37,422,000,000.00",4,,,,
DEN8962,Dentons,Dentons,5821,"$37,169,863,332.00",38,,,,
KIN6975,King & Spalding,King & Spalding,1464,"$36,101,991,642.00",42,,,,
,,Felesky Flynn,3798,"$36,000,000,000.00",1,,,,
,,A&L Goodbody,3300,"$32,219,000,000.00",4,,,,
KIN8566,,King & Wood Mallesons,7424,"$31,744,281,896.00",6,,,,
,,Fangda Partners,3793,"$31,485,000,000.00",7,,,,
KLG5568,K&L Gates,K&L Gates,2851,"$29,487,822,500.00",44,,,,
MCC5985,,McCarthy Tetrault,2861,"$28,375,380,000.00",15,,,,
TOR9260,,Torys,2547,"$27,006,255,039.00",16,,,,
HER7016,,Herbert Smith Freehills,9136,"$26,524,950,250.00",6,,,,
,,Conyers Dill & Pearman,587,"$26,399,588,925.00",10,,,,
KRA5823,Kramer Levin,Kramer Levin Naftalis & Frankel,2853,"$25,862,350,000.00",12,,,,
PRO6020,Proskauer,Proskauer Rose,2882,"$25,775,773,602.00",24,,,,
HUN4123,Hunton Andrews Kurth,Hunton Andrews Kurth,2796,"$25,585,900,000.00",32,,,,
DEH3364,Dechert,Dechert,696,"$23,086,910,945.00",32,,,,
ASH5568,,Ashurst,5228,"$22,658,183,040.00",5,,0,less than 50 firms in US,
,,MacFarlanes,4994,"$22,452,261,620.00",6,,,,
SCH1598,Schulte Roth,Schulte Roth & Zabel,2887,"$22,392,839,532.00",12,,,,
GUN3166,Gunderson Dettmer,Gunderson Dettmer Stough Villeneuve Franklin & Hachigian,1127,"$22,070,878,220.00",22,,,,
,,Maples Group,9499,"$21,991,968,000.00",15,,,,
VEN9219,Venable,Venable,2906,"$21,979,414,675.00",22,,,,
SQU8792,Squire Patton Boggs,Squire Patton Boggs,9291,"$20,070,877,402.00",35,,,,
OSL3973,,"Osler, Hoskin & Harcourt",2876,"$19,357,314,000.00",21,,,,
MCG4933,McGuireWoods,McGuireWoods,2862,"$18,835,200,000.00",8,,,,
EVE8601,Eversheds Sutherland,Eversheds Sutherland,5195,"$17,990,400,000.00",10,,,,
PER7986,Perkins Coie,Perkins Coie,2023,"$16,744,920,050.00",24,,,,
,,Meitar Liquornik Geva Leshem Tal,5792,"$16,354,500,000.00",21,,,,
CAH7780,Cahill Gordon,Cahill Gordon & Reindel,409,"$16,310,000,000.00",7,,,,
,,De Brauw Blackstone Westbroek,3702,"$15,914,000,000.00",4,,,,
,,Goldfarb Seligman & Co,5521,"$15,777,600,000.00",11,,,,
ORR3556,Orrick,"Orrick, Herrington & Sutcliffe",1956,"$15,570,206,629.00",30,,,,
,,Herzog Fox & Neeman,1211,"$15,473,774,754.00",9,,,,
MUN2899,Munger Tolles,"Munger, Tolles & Olson",2869,"$14,451,812,974.00",3,,,,
,,Moulton Moore Stella,10042,"$14,000,000,000.00",1,,,,
HOL8724,Holland & Knight,Holland & Knight,1239,"$13,187,578,369.00",45,,,,
,,Nob Hill Law Group,8127,"$13,000,000,000.00",1,,,,
,,Goodmans,1069,"$12,253,101,119.00",13,,,,
,,"Bae, Kim & Lee",9513,"$12,041,371,427.00",2,,,,
,,Ogier,5905,"$11,978,400,000.00",6,,,,
,,Azb & Partners,3365,"$11,952,066,000.00",2,,,,
OMM7760,O'Melveny,O'Melveny & Myers,2873,"$11,877,017,566.00",28,,,,
CAD5402,Cadwalader,"Cadwalader, Wickersham & Taft",2807,"$11,818,300,000.00",8,,,,
LOE6696,Loeb & Loeb,Loeb & Loeb,2859,"$11,331,588,264.00",26,,,,
ELL6398,Ellenoff Grossman,Ellenoff Grossman & Schole,816,"$11,311,650,000.00",38,,,,
STE6810,Steptoe & Johnson LLP,Steptoe & Johnson,2899,"$11,150,000,000.00",3,,,,
FAE5613,Faegre Drinker,Faegre Drinker Biddle & Reath,9559,"$10,938,793,100.00",31,,,,
,,S&A Associates,9072,"$10,800,000,000.00",1,,,,
ALS9443,Alston & Bird,Alston & Bird,2795,"$10,285,406,509.00",45,,,,
MCD4329,McDermott,McDermott Will & Emery,1705,"$10,136,927,360.00",23,,,,
BRA9882,Bracewell,Bracewell,6884,"$9,854,032,123.00",16,,,,
MIN4022,Mintz,"Mintz, Levin, Cohn, Ferris, Glovsky and Popeo",1788,"$9,676,366,441.00",29,,,,
BLA6224,Blank Rome,Blank Rome,278,"$9,508,243,866.00",23,,,,
,,Han Kun Law Offices,3962,"$9,279,000,000.00",2,,,,
MOR2268,Morrison Foerster,Morrison & Foerster,6795,"$9,200,000,000.00",2,,,,
,,Bennett Jones,234,"$9,175,900,000.00",13,,,,
CLA1319,Clark Hill,Clark Hill,4891,"$8,854,500,000.00",9,,,,
NEL6571,Nelson Mullins,Nelson Mullins Broad and Cassel,9305,"$8,736,954,334.00",25,,,,
,,Khaitan & Co,5175,"$8,729,000,000.00",2,,,,
,,Addleshaw Goddard,4843,"$8,661,338,814.00",5,,,,
HUS1476,Husch Blackwell,Husch Blackwell,5665,"$8,448,625,000.00",14,,,,
FOL2461,Foley & Lardner,Foley & Lardner,940,"$8,293,358,981.00",23,,,,
,,Cyril Amarchand Mangalda,7677,"$8,161,000,000.00",2,,,,
,,Nishith Desai Associates,6723,"$8,000,000,000.00",1,,,,
,,Touchstone Partners,9782,"$8,000,000,000.00",1,,,,
DOR5542,Dorsey & Whitney,Dorsey & Whitney,2822,"$7,837,809,751.00",35,,,,
,,JunHe,7178,"$7,837,751,361.00",3,,,,
,,Yigal Arnon & Co.,2771,"$7,745,250,625.00",4,,,,
,,Luse Gorman,9222,"$7,447,989,211.00",27,,,,
,,McMillan,4275,"$7,201,766,170.00",15,,,,
VED5333,Vedder Price,Vedder Price,2905,"$7,160,977,332.00",9,,,,
LOW6235,Lowenstein Sandler,Lowenstein Sandler,1621,"$7,118,700,000.00",22,,,,
,,Hengeler Mueller,5264,"$6,890,000,000.00",1,,,,
,,Homburger,9252,"$6,840,000,000.00",2,,,,
BAK2781,BakerHostetler,Baker & Hostetler,142,"$6,564,822,526.00",17,,,,
COZ2827,Cozen O'Connor,Cozen O'Connor,616,"$6,367,058,750.00",20,,,,
,,Kim & Chang,4124,"$6,116,971,427.00",4,,,,
SHE2206,Sheppard Mullin,"Sheppard, Mullin, Richter & Hampton",2890,"$5,617,500,000.00",39,,,,
,,Fasken,862,"$5,594,272,700.00",27,,,,
CAS9534,,Cassels Brock & Blackwell,461,"$5,580,877,024.00",18,,,,
,,Lenz & Staehelin,4175,"$5,400,000,000.00",1,,,,
BAS4068,Bass Berry,Bass Berry & Sims,198,"$5,202,574,000.00",23,,,,
,,"Greer, Herz & Adams",9441,"$5,100,000,000.00",1,,,,
WIG3642,,Wiggin,7534,"$4,924,314,720.00",2,,,,
HON6747,Honigman,Honigman,9545,"$4,900,476,430.00",11,,,,
,,Roschier,6164,"$4,858,000,000.00",4,,,,
LOC6957,Locke Lord,Locke Lord,1606,"$4,783,200,000.00",16,,,,
,,Harney Westwood & Riegels,5386,"$4,760,000,000.00",4,,,,
,,CMS Law Firm,9575,"$4,750,000,000.00",2,,,,
SEW3885,Seward & Kissel,Seward & Kissel,2315,"$4,616,000,000.00",4,,,,
BRU1422,,"Brunini, Grantham, Grower & Hewes",3491,"$4,530,000,000.00",1,,,,
,,Fishman Haygood,5628,"$4,530,000,000.00",1,,,,
,,Gornitzky,6011,"$4,477,500,000.00",6,,,,
WYR1851,,Wyrick Robbins Yates & Ponton,2768,"$4,473,898,615.00",13,,,,
,,Carey Olsen,8420,"$4,400,000,000.00",1,,,,
JON3152,Jones Walker,Jones Walker,1375,"$4,255,978,527.00",15,,,,
,,MJM,7691,"$4,200,000,000.00",1,,,,
,,Advokatfirmaet Schjoedt,8705,"$4,200,000,000.00",1,,,,
,,Travers Smith,5135,"$4,200,000,000.00",1,,,,
STR4257,Stroock,Stroock & Stroock & Lavan,2476,"$4,174,400,000.00",4,,,,
,,Appleby Global Services,7077,"$4,113,528,387.00",5,,,,
,,Houthoff,4954,"$4,078,890,781.00",1,,,,
,,STIBBE,6760,"$4,078,890,781.00",1,,,,
QUI6477,Quinn Emanuel,Quinn Emanuel Urquhart & Sullivan,9641,"$4,050,000,000.00",1,,,,
GOU6859,Goulston & Storrs,Goulston & Storrs,1083,"$4,049,013,312.00",4,,,,
PHE3946,Phelps Dunbar,Phelps Dunbar,2035,"$4,028,600,000.00",3,,,,
,,Harris Hagan,9682,"$4,000,000,000.00",1,,,,
REE5164,Reed Smith,Reed Smith,2884,"$3,985,194,672.00",23,,,,
SNE5955,Snell & Wilmer,Snell & Wilmer,2393,"$3,976,350,231.00",9,,,,
BRO3683,Brooks Pierce,"Brooks, Pierce, McLendon, Humphrey & Leonard",352,"$3,896,300,000.00",4,,,,
KEA2996,Keating Muething,Keating Muething & Klekamp,1430,"$3,688,000,000.00",5,,,,
,,Scudder Law Firm,2295,"$3,681,700,000.00",9,,,,
KAT3207,Katten,Katten Muchin Rosenman,1413,"$3,644,696,000.00",11,,,,
,,Ledgewood Law Firm,1549,"$3,616,400,000.00",4,,,,
,,Walkers Global,7571,"$3,600,000,000.00",2,,,,
OLS8852,Olshan Frome Wolosky,Olshan Frome Wolosky,1945,"$3,595,815,366.00",14,,,,
MAN8162,Manatt,"Manatt, Phelps & Phillips",2860,"$3,576,400,000.00",12,,,,
KIL2517,Kilpatrick,Kilpatrick Townsend & Stockton,5466,"$3,341,400,000.00",15,,,,
NEA5656,Neal Gerber,"Neal, Gerber & Eisenberg",7195,"$3,311,424,410.00",4,,,,
DAV3925,Davis Graham,Davis Graham & Stubbs,680,"$3,306,053,260.00",12,,,,
,,Allens,7429,"$3,210,888,888.00",3,,,,
AXI4590,Axinn Veltrop,"Axinn, Veltrop & Harkrider",3364,"$3,200,000,000.00",1,,,,
,,"Sherrard, German & Kelly",5062,"$3,200,000,000.00",1,,,,
BUC3095,Buchalter,Buchalter,5458,"$3,176,990,241.00",8,,,,
SAU2331,Saul Ewing,Saul Ewing Arnstein & Lehr,9209,"$3,079,844,000.00",8,,,,
FOX8115,Fox Rothschild,Fox Rothschild,955,"$3,007,350,000.00",14,,,,
,,Miller Titerle,9870,"$3,000,000,000.00",1,,,,
,,Mehigan,9871,"$3,000,000,000.00",1,,,,
,,Zemah Schneider & Partners,7800,"$3,000,000,000.00",1,,,,
,,Webber Wentzel,6567,"$2,936,817,058.00",1,,,,
,,BosseLaw,8627,"$2,900,000,000.00",1,,,,
GLO1459,,Global Law Office,3885,"$2,882,000,000.00",2,,,,
,,Chiomenti Studio Legale,7954,"$2,692,000,000.00",3,,,,
,,Akin & Almanza,6186,"$2,650,000,000.00",1,,,,
NIX1069,Nixon Peabody,Nixon Peabody,1908,"$2,603,506,700.00",10,,,,
BIR6692,,Bird & Bird,4866,"$2,550,000,000.00",3,,,,
BOD8933,Bodman,Bodman,294,"$2,510,000,000.00",3,,,,
,,Dickson Minto,6438,"$2,500,000,000.00",1,,,,
,,Croon Law Group,10071,"$2,500,000,000.00",1,,,,
,,Deacons,3707,"$2,500,000,000.00",1,,,,
MUN3551,,Munck Wilson Mandala,5245,"$2,440,250,000.00",2,,,,
,,Gide Loyrette & Nouel,1029,"$2,415,191,865.00",1,,,,
,,Wakefield Quin,7635,"$2,360,000,000.00",1,,,,
,,Borden Ladner Gervais,303,"$2,338,850,000.00",7,,,,
STI7341,Stinson,Stinson,9503,"$2,328,400,000.00",12,,,,
JEN6539,Jenner & Block,Jenner & Block,1348,"$2,262,439,550.00",8,,,,
,,Edward Nathan Sonnenbergs Inc,7638,"$2,242,000,000.00",2,,,,
BRY4196,Bryan Cave Leighton Paisner,Bryan Cave Leighton Paisner,2806,"$2,224,950,000.00",16,,,,
BAR8545,Barack Ferrazzano,Barack Ferrazzano Kirschbaum & Nagelberg,176,"$2,220,380,274.00",14,,,,
MOR4976,Morris Nichols,"Morris, Nichols, Arsht & Tunnell",1831,"$2,200,000,000.00",4,,,,
BAK4926,Baker Donelson,"Baker, Donelson, Bearman, Caldwell & Berkowitz",7083,"$2,158,696,096.00",8,,,,
,,Otteson Shapiro,5950,"$2,147,800,000.00",3,,,,
HAY5217,Haynes and Boone,Haynes and Boone,2842,"$2,123,574,065.00",18,,,,
,,Osborne Clarke,4391,"$2,116,583,361.00",4,,,,
,,Darrois Villey Maillot Brochier AARPI,3685,"$2,100,000,000.00",1,,,,
KEA1720,Kean Miller,Kean Miller,5849,"$2,000,000,000.00",1,,,,
,,Pinheiro Neto Advogados,4428,"$2,000,000,000.00",2,,,,
,,Anderson Mori & Tomotsune,4852,"$2,000,000,000.00",1,,,,
,,Brown & Fortunato,9726,"$2,000,000,000.00",1,,,,
,,Mori Hamada & Matsumoto,4323,"$2,000,000,000.00",2,,,,
AKE5064,Akerman,Akerman,6431,"$1,962,650,000.00",11,,,,
,,Nichols Liu,10089,"$1,900,000,000.00",1,,,,
LEV8573,Levenfeld Pearlstein,Levenfeld Pearlstein,1565,"$1,875,450,000.00",5,,,,
,,Pedersoli Studio Legale,9837,"$1,800,000,000.00",1,,,,
PIN7776,,Pinsent Masons,6558,"$1,733,237,132.00",4,,,,
,,Lawson Lundell,5651,"$1,720,000,000.00",1,,,,
,,Jones & Keller,1368,"$1,706,700,000.00",6,,,,
MAC3849,Maynard Cooper,Maynard Cooper & Gale,1691,"$1,654,100,000.00",6,,,,
POL2609,Polsinelli,Polsinelli,5959,"$1,633,058,973.00",9,,,,
BRA4425,Bradley Arant,Bradley Arant Boult Cummings,4873,"$1,611,050,000.00",4,,,,
FOL7287,Foley Hoag,Foley Hoag,941,"$1,610,475,000.00",8,,,,
,,LCS & Partners,7492,"$1,600,000,000.00",1,,,,
,,Tsar & Tsai Law Firm,9510,"$1,600,000,000.00",1,,,,
,,Maiwald Patentanwalts und Rechtsanwaltsgesellschaft,9613,"$1,565,000,000.00",2,,,,
BOW5564,Bowles Rice,Bowles Rice,6926,"$1,542,400,000.00",7,,,,
BAL3730,Ballard Spahr,Ballard Spahr,2801,"$1,532,097,566.00",16,,,,
MOO4584,Moore & Van Allen,Moore & Van Allen,1812,"$1,487,400,000.00",9,,,,
,,The Roy Gross Law Firm,9765,"$1,400,000,000.00",1,,,,
,,"Scott J. Orr, Attorney at Law",9851,"$1,400,000,000.00",1,,,,
CHO7681,Choate,"Choate, Hall & Stewart",510,"$1,351,300,000.00",3,,,,
MIL3071,Miller Nash,Miller Nash Graham & Dunn,7588,"$1,331,800,000.00",3,,,,
BRO6136,Brown Rudnick,Brown Rudnick,363,"$1,292,815,000.00",8,,,,
,,Needham,7020,"$1,275,000,000.00",1,,,,
,,Davis Malm & D'Agostine,681,"$1,250,000,000.00",1,,,,
SUL2064,Sullivan & Worcester,Sullivan & Worcester,2901,"$1,193,316,000.00",12,,,,
,,Lobo & de Rizzo Advogados,9359,"$1,176,437,643.00",5,,,,
,,Nctm Studio Legale,9179,"$1,150,179,250.00",1,,,,
FIN7802,,Finn Dixon & Herling,894,"$1,097,124,996.00",3,,,,
MIT5761,,"Mitchell, Williams, Selig, Gates & Woodyard",9275,"$1,085,900,000.00",3,,,,
VOR5310,Vorys,"Vorys, Sater, Seymour and Pease",5099,"$1,075,100,000.00",7,,,,
STE8795,Stevens & Lee,Stevens & Lee,2452,"$1,072,000,000.00",10,,,,
SMI5228,Smith Gambrell,"Smith, Gambrell & Russell",6857,"$1,062,000,000.00",3,,,,
,,"Naschitz, Brandes, Amir",1863,"$1,042,000,000.00",5,,,,
DAY4394,Day Pitney,Day Pitney,2816,"$1,037,500,000.00",3,,,,
DAV6971,Davis Wright Tremaine,Davis Wright Tremaine,683,"$1,030,508,000.00",6,,,,
BUT3231,Butler Snow,Butler Snow O'Mara Stevens & Cananda,5566,"$1,022,700,000.00",9,,,,
ICE9893,Ice Miller,Ice Miller,1282,"$967,500,000.00",8,,,,
,,"Fenimore, Kay, Harrison & Ford",5259,"$965,000,000.00",11,,,,
FRO3812,Frost Brown Todd,Frost Brown Todd,978,"$961,434,000.00",14,,,,
,,Kane Kessler,1401,"$955,500,000.00",3,,,,
,,"Scholz, Loos, Palmer, Siebers and Duesterhaus",9766,"$925,000,000.00",1,,,,
LIT8351,Littler,Littler Mendelson,1598,"$900,000,000.00",1,,,,
STO5900,Stoel Rives,Stoel Rives,2463,"$892,540,558.00",2,,,,
MCG1881,,McGrath North Mullin & Kratz,1715,"$885,000,000.00",2,,,,
,,Pastore & Dailey,9998,"$880,000,000.00",1,,,,
EPS1623,Epstein Becker Green,Epstein Becker & Green,2826,"$853,000,000.00",1,,,,
MUR2202,,Murtha Cullina,1859,"$843,000,000.00",1,,,,
,,West Group Law,9355,"$843,000,000.00",1,,,,
,,Avance Attorneys,7555,"$824,700,000.00",2,,,,
,,Woolery & Co,10046,"$800,000,000.00",1,,,,
BUR9598,Burns & Levinson,Burns & Levinson,394,"$796,575,000.00",10,,,,
FRE6083,Fredrikson & Byron,Fredrikson & Byron,968,"$782,400,000.00",5,,,,
GRA3147,,Graubard Miller,1091,"$776,450,000.00",10,,,,
WEI5245,,Weintraub Tobin Chediak Coleman Grodin Law,5935,"$775,000,000.00",3,,,,
CRO9129,Crowell & Moring,Crowell & Moring,2814,"$766,555,516.00",7,,,,
,,Veirano Advogados,8744,"$765,000,000.00",1,,,,
,,KLA Advogados,10254,"$765,000,000.00",1,,,,
,,Demarest Advogados,8708,"$765,000,000.00",1,,,,
NUT1674,Nutter,Nutter McClennen Fish,1924,"$751,589,211.00",3,,,,
,,Vaisey Nicholson & Nearpass,9509,"$735,700,000.00",1,,,,
,,Trilegal,7876,"$729,000,000.00",1,,,,
,,"Divjak, Topic, Bahtijarevic & Krka Law Firm",9816,"$720,690,825.00",1,,,,
BRO4730,Brownstein Hyatt,Brownstein Hyatt Farber Schreck,368,"$718,313,250.00",5,,,,
POR1665,Porter Hedges,Porter Hedges,2059,"$716,400,000.00",5,,,,
,,Atrium,9449,"$709,500,000.00",1,,,,
WIN3203,Windels Marx,Windels Marx,2723,"$706,706,253.00",5,,,,
MUC1134,Much Shelist,Much Shelist,6236,"$702,175,116.00",2,,,,
BEN8652,Benesch,"Benesch, Friedlander, Copland & Aronoff",233,"$698,500,000.00",6,,,,
MOR4763,Morrison Cohen,Morrison Cohen,4327,"$630,021,500.00",4,,,,
,,Gallagher & Kennedy,5267,"$624,693,459.00",2,,,,
,,Marten Law,3187,"$613,600,000.00",1,,,,
MOR6762,Morris Manning,"Morris, Manning & Martin",1833,"$603,000,360.00",11,,,,
,,ENSafrica,7430,"$582,948,800.00",2,,,,
TRE3212,,Trenam Law,9033,"$582,200,000.00",2,,,,
,,Smith Mackinnon,2388,"$570,600,000.00",6,,,,
SMI8645,,"Smith, Anderson, Blount, Dorsett, Mitchell & Jernigan",2387,"$554,200,000.00",6,,,,
JAC6640,Jackson Walker,Jackson Walker,1334,"$554,081,133.00",8,,,,
,,Tian Yuan Law Firm,7747,"$550,000,000.00",1,,,,
,,Walkers and Harneys,9651,"$540,200,000.00",1,,,,
BUR9385,Burr & Forman,Burr & Forman,396,"$539,500,000.00",6,,,,
,,"Fogler, Rubinoff",938,"$530,000,000.00",3,,,,
,,"Ferrante & Associates, Attorneys at Law",9378,"$530,000,000.00",1,,,,
MUS1392,,"Musick, Peeler & Garrett",9407,"$529,579,706.00",3,,,,
GRE4252,Greensfelder Hemker,"Greensfelder, Hemker & Gale",1108,"$529,255,000.00",2,,,,
QUA9405,Quarles & Brady,Quarles & Brady,2094,"$525,500,000.00",4,,,,
,,Puryear and Lingle,9408,"$514,579,706.00",3,,,,
,,FBC & Co,9512,"$506,906,147.00",4,,,,
,,Phillips Gardill Kaiser & Altmeyer,4420,"$500,000,000.00",1,,,,
,,Amar Reiter Jeanne Shochatovitch,8952,"$500,000,000.00",1,,,,
,,"Silver, Freedman, Taff & Tiernan",5436,"$497,800,000.00",8,,,,
THO4012,Thompson Coburn,Thompson Coburn,2532,"$491,500,000.00",5,,,,
HOW6246,Howard & Howard,Howard & Howard Attorneys,1256,"$490,400,000.00",6,,,,
BEC7366,Becker & Poliakoff,Becker & Poliakoff,225,"$482,000,000.00",9,,,,
HUN7011,,Hunter Taubman Fischer & Li,7507,"$480,480,000.00",8,,,,
,,Hannes Snellman,4940,"$480,000,000.00",2,,,,
,,Capital Law & Advisory Partners,7762,"$478,721,850.00",1,,,,
WIN6654,Winthrop & Weinstine,Winthrop & Weinstine,2729,"$475,600,000.00",4,,,,
CHA4487,Chapman and Cutler,Chapman and Cutler,493,"$474,000,000.00",3,,,,
,,"Machado, Meyer, Sendacz and Opice Advogados",4221,"$470,414,161.00",2,,,,
WIL1765,Williams Mullen,Williams Mullen,2710,"$465,400,000.00",7,,,,
,,Gross Law Firm,7158,"$460,000,000.00",1,,,,
,,"Lexcel Partners, Attorneys at Law",9445,"$458,000,000.00",1,,,,
GOD9129,Godfrey & Kahn,Godfrey & Kahn,1049,"$456,630,000.00",6,,,,
LEW5773,Lewis Brisbois,Lewis Brisbois Bisgaard & Smith,2858,"$449,920,000.00",4,,,,
HOD5582,Hodgson Russ,Hodgson Russ,1232,"$442,106,586.00",6,,,,
STR6991,Stradley Ronon,Stradley Ronon Stevens & Young,2468,"$438,500,000.00",4,,,,
RUT1628,Rutan & Tucker,Rutan & Tucker,2225,"$438,156,700.00",3,,,,
JAF3034,Jaffe Raitt,"Jaffe, Raite, Heuer & Weiss",1337,"$428,600,000.00",2,,,,
,,Grandall Law Firm,7431,"$425,000,000.00",1,,,,
,,Wiersholm,5985,"$410,000,000.00",1,,,,
,,Swidler Berlin Shereff Friedman,2497,"$408,700,000.00",2,,,,
NEL7379,,Nelson Hardiman,10033,"$400,000,000.00",1,,,,
PEA4056,,Pearl Cohen Zedek Latzer Baratz,7130,"$396,800,000.00",7,,,,
MCC6510,McCarter & English,McCarter & English,1698,"$390,200,000.00",6,,,,
,,Van Doorne,7851,"$389,918,100.00",1,,,,
VAR8052,Varnum,Varnum,5243,"$387,800,000.00",3,,,,
,,Lamson Dugan & Murray,9495,"$386,000,000.00",1,,,,
,,Clark Wilson,531,"$371,600,000.00",2,,,,
,,VCL Law,9792,"$368,890,000.00",1,,,,
SHU5096,Shumaker Loop,"Shumaker, Loop & Kendrick",2346,"$368,200,000.00",6,,,,
,,Santos Elizondo,9444,"$367,000,000.00",1,,,,
WAT6717,,Watson Farley & Williams,2640,"$356,664,000.00",1,,,,
,,Gorrissen Federspiel Advokatpartnerselskab,4934,"$354,000,000.00",1,,,,
,,Lee & Ko,9490,"$350,600,000.00",1,,,,
,,KL Partners,9586,"$350,600,000.00",1,,,,
,,"Lewis, Ringelman & Fanyo",9788,"$350,000,000.00",1,,,,
,,Gleiss Lutz Hootz Hirsch,6726,"$346,044,840.00",3,,,,
,,Thorne Grodnik,6396,"$344,000,000.00",1,,,,
,,Reid & Riege,2135,"$343,600,000.00",1,,,,
,,Gesmer & Updegrove,1023,"$335,000,000.00",1,,,,
KIR1230,Kirton McConkie,Kirton McConkie,6685,"$333,300,000.00",9,,,,
,,Ernst & Young Advokatfirma AS,10223,"$332,500,000.00",1,,,,
,,Advokatfirmaet CLP DA,10224,"$332,500,000.00",1,,,,
DIN7109,Dinsmore,Dinsmore & Shohl,729,"$326,084,000.00",7,,,,
THO1800,Thompson Hine,Thompson Hine,2533,"$326,028,220.00",12,,,,
ROB9381,Robinson Bradshaw,"Robinson, Bradshaw & Hinson",2180,"$324,000,000.00",3,,,,
JAC8082,Jackson Kelly,Jackson Kelly,1330,"$322,300,000.00",2,,,,
LUC2236,,Lucosky Brookman,9463,"$320,150,161.00",21,,,,
,,Mccullough O'Connor Irwin,4264,"$320,000,000.00",1,,,,
,,Stein Adler Dabah & Zelkowitz,9566,"$320,000,000.00",1,,,,
,,Sangra Moller,2255,"$316,900,000.00",2,,,,
CAR7761,,Carmody Torrance Sandak & Hennessey,5850,"$315,000,000.00",1,,,,
,,Harbottle & Lewis,9743,"$315,000,000.00",1,,,,
MIT5728,Mitchell Silberberg,Mitchell Silberberg & Knupp,1791,"$307,550,000.00",10,,,,
JEF1814,Jeffer Mangels,Jeffer Mangels Butler & Mitchell,2849,"$305,000,000.00",1,,,,
,,"Erdinast, Ben Nathan, Toledano",6408,"$305,000,000.00",1,,,,
WIC9297,,Wick Phillips,5782,"$300,000,360.00",2,,,,
,,Sparks Willson,6178,"$300,000,000.00",1,,,,
KOL4476,Koley Jessen,Koley Jessen,1487,"$297,486,366.00",5,,,,
,,Walkers Attorneys at Law,2625,"$296,400,000.00",2,,,,
SCO3025,,"Scopelitis, Garvin, Light, Hanson & Feary",9358,"$295,901,500.00",2,,,,
,,"Stubbs, Alderton & Markiles",2477,"$295,700,000.00",2,,,,
HAR5723,Harter Secrest,Harter Secrest & Emery,1177,"$293,965,366.00",5,,,,
STE7908,Stearns Weaver,Stearns Weaver Miller Weissler Alhadeff & Sitterson,6146,"$288,500,000.00",3,,,,
MEM5570,,Memery Crystal,6193,"$286,000,000.00",1,,,,
,,Hill Dickinson,9799,"$286,000,000.00",1,,,,
GRA5326,,Graydon Head & Ritchey,1096,"$285,000,000.00",1,,,,
,,"Byrnes, O'Hern & Heugle",9673,"$285,000,000.00",1,,,,
RIV4891,Rivkin Radler,Rivkin Radler,10075,"$282,500,000.00",1,,,,
SHE1759,Sherman & Howard,Sherman & Howard,2337,"$282,300,000.00",2,,,,
,,Scarborough McNeese Oelke & Kilkenny,9482,"$280,000,000.00",1,,,,
,,Shapiro Sher Guinot & Sandler,8019,"$280,000,000.00",1,,,,
FIS5443,FisherBroyles,FisherBroyles,5217,"$268,505,281.00",2,,,,
,,Pillar+Aught,8961,"$266,400,000.00",4,,,,
REI4284,Reinhart Boerner,Reinhart Boerner Van Deuren,2137,"$253,087,500.00",5,,,,
,,Cuatrecasas Goncalves Pereira,3664,"$246,961,450.00",1,,,,
DYK8984,Dykema,Dykema Gossett,789,"$244,400,000.00",5,,,,
,,Cliffe Dekker Hofmeyr,5255,"$242,000,000.00",1,,,,
,,Yulchon,5110,"$237,220,000.00",1,,,,
,,Shin & Kim,9535,"$237,220,000.00",1,,,,
POR3972,Porter Wright,Porter Wright Morris & Arthur,2061,"$231,175,000.00",2,,,,
RIM7936,Rimon PC,Rimon,7834,"$230,000,000.00",2,,,,
LAT3871,Lathrop GPM,Lathrop GPM,9591,"$228,000,000.00",3,,,,
HOL5405,Holland & Hart,Holland & Hart,1238,"$223,750,000.00",9,,,,
CAL7789,Calfee Halter,"Calfee, Halter & Griswold",413,"$218,880,012.00",9,,,,
,,Jasso Lopez,9830,"$215,000,000.00",1,,,,
DIC1953,Dickinson Wright,Dickinson Wright,720,"$212,130,000.00",10,,,,
,,Fulbright & Jaworski,2833,"$209,200,000.00",1,,,,
,,Commercial Law Group,5973,"$209,200,000.00",1,,,,
,,Posse Herrera & Ruiz,6356,"$205,000,000.00",2,,,,
,,Brigard & Urrutia Abogados,9631,"$205,000,000.00",1,,,,
,,Wikborg Rein,4810,"$204,000,000.00",1,,,,
FRI2395,,Friday Eldredge & Clark,972,"$200,000,000.00",1,,,,
MAS2603,,Maslon,1677,"$198,900,000.00",6,,,,
ONB6174,,O'neill & Borges,7242,"$196,600,000.00",1,,,,
PIE2993,,Pietrantoni Mendez & Alvarez,4427,"$196,600,000.00",1,,,,
,,Foot Anstey,9517,"$195,000,000.00",1,,,,
YOU1231,Young Conaway,Young Conaway Stargatt & Taylor,5494,"$191,760,000.00",3,,,,
STO6862,Stoll Keenon,Stoll Keenon Ogden,2465,"$190,000,000.00",1,,,,
,,Bybel Rutledge,403,"$181,900,000.00",4,,,,
,,Wildeboer Dellelce,4811,"$181,589,450.00",3,,,,
,,Koffman Kalef,5300,"$181,416,456.00",1,,,,
,,Yong Gruber Associates,6663,"$180,000,000.00",1,,,,
SIC4344,,Sichenzia • Ross • Ference,8175,"$177,790,000.00",19,,,,
MIL3104,Miles & Stockbridge,Miles & Stockbridge,2866,"$176,250,000.00",6,,,,
,,M. Firon & Co Advocates,10159,"$174,314,720.00",1,,,,
HIN6183,Hinckley Allen,"Hinckley, Allen & Snyder",1220,"$169,500,000.00",3,,,,
,,The West Firm,9742,"$169,000,000.00",1,,,,
,,Williams Parker,9953,"$167,750,000.00",2,,,,
,,Gowling WLG,1084,"$165,000,000.00",6,,,,
BRU7326,,Bruun & Hjejle,8974,"$163,212,356.00",1,,,,
GRE4794,,Greenberg Glusker Fields Claman & Machtinger,1104,"$163,000,000.00",2,,,,
GAL6385,,Gallagher Evelius & Jones,7879,"$161,750,000.00",1,,,,
,,Sergio Botrel Sociedade de Advogados,10190,"$161,400,000.00",1,,,,
,,Gleaves Swearingen,5399,"$161,000,000.00",1,,,,
,,Madrona Advogados,9790,"$160,839,184.00",1,,,,
,,Purrington Moody Weil,9439,"$160,000,000.00",1,,,,
,,"Furth, Wilensky, Mizrachi, Knaani",9934,"$160,000,000.00",2,,,,
WOM8006,Womble Bond,Womble Bond Dickinson,2751,"$159,368,664.00",3,,,,
MCD1987,McDonald Hopkins,McDonald Hopkins,1708,"$159,013,000.00",3,,,,
COH3986,,Cohen and Wolf,10091,"$151,000,000.00",1,,,,
JOH5208,,Johnson Winter & Slattery,8977,"$150,000,000.00",1,,,,
,,M&H,9151,"$150,000,000.00",3,,,,
,,Kohrman Jackson & Krantz,1486,"$150,000,000.00",1,,,,
,,Morningstar Law Group,10039,"$150,000,000.00",1,,,,
,,Rebekah Fisher & Associates,9638,"$149,679,857.00",1,,,,
ARM1143,Armstrong Teasdale,Armstrong Teasdale,99,"$146,300,000.00",3,,,,
GEN4212,,Gentry Locke Rakes & Moore,6639,"$145,000,000.00",1,,,,
,,The Nilson Law Group,6360,"$145,000,000.00",1,,,,
,,"Bennett, Tueller, Johnson & Deere",6589,"$145,000,000.00",1,,,,
BAR6817,Barley Snyder,Barley Snyder,8843,"$142,100,000.00",3,,,,
ADA9558,Adams and Reese,Adams and Reese,4842,"$140,500,000.00",2,,,,
,,Olender Feldman,8981,"$140,000,000.00",1,,,,
,,Frye & Hsieh,8066,"$138,300,000.00",1,,,,
LEW7147,Lewis Rice,Lewis Rice,8099,"$137,900,000.00",3,,,,
,,TCF Law Group,9435,"$134,000,000.00",3,,,,
PAR8806,Parker Poe,Parker Poe Adams & Bernstein,1994,"$131,500,000.00",2,,,,
,,Burstall,9062,"$131,000,000.00",1,,,,
,,Simon Jones,10145,"$129,056,391.00",1,,,,
,,Gallet Dreyer & Berkey,9525,"$128,406,253.00",2,,,,
,,"Muchnick, Golieb and Golieb",6240,"$125,000,000.00",1,,,,
,,Stuart Moore,4676,"$125,000,000.00",1,,,,
,,Grady & Associates,3906,"$124,000,000.00",1,,,,
MES4913,,Messerli Kramer,1747,"$120,000,000.00",1,,,,
,,DaCheng Law Offices,7500,"$120,000,000.00",1,,,,
COL3211,Cole Schotz,Cole Schotz,7599,"$118,674,000.00",3,,,,
,,KPMG,9752,"$117,900,000.00",1,,,,
,,"Sanchez-Medina, Gonzalez, Quesada, Lage, Gomez & Machado",9697,"$115,418,918.00",2,,,,
KEL8887,Kelley Drye,Kelley Drye & Warren,1438,"$114,400,000.00",2,,,,
,,Sullivan McGregor & Doer,9985,"$113,463,178.00",1,,,,
BUC5248,Buckley,Buckley,9414,"$113,400,000.00",2,,,,
PRO5254,Procopio Cory,"Procopio, Cory, Hargreaves & Savitch",2080,"$112,100,000.00",11,,,,
,,Harper Grey,9373,"$110,900,000.00",4,,,,
WEI4860,,Weiner Law Group,9520,"$110,700,000.00",1,,,,
,,The Loev Law Firm,6114,"$110,100,000.00",6,,,,
WAR9563,Warner Norcross,Warner Norcross + Judd,2633,"$109,880,000.00",3,,,,
WAL1545,Waller Lansden,Waller Lansden Dortch & Davis,2627,"$101,900,000.00",2,,,,
,,Guyer & Regules,10116,"$100,600,000.00",1,,,,
TAR7074,,Tarter Krinsky Drogin,2509,"$100,000,000.00",1,,,,
,,DuMoulin Black,778,"$100,000,000.00",2,,,,
,,Cherin Law Offices,10181,"$100,000,000.00",1,,,,
,,"Kane, Norby & Reddick",9528,"$100,000,000.00",1,,,,
,,Herguner Bilgen Ozeke,10120,"$100,000,000.00",1,,,,
,,Esin Attorney,10121,"$100,000,000.00",1,,,,
,,Nance & Simpson,5018,"$99,500,000.00",2,,,,
,,"Crain, Caton & James",5806,"$99,500,000.00",2,,,,
MIC3151,Michelman & Robinson LLP,Michelman & Robinson,5450,"$94,900,000.00",3,,,,
,,Cripps Pemberton Greenish,9678,"$94,900,000.00",1,,,,
,,Hinds & Small,9679,"$94,900,000.00",1,,,,
SHA9114,,Shartsis Friese,2785,"$93,500,000.00",2,,,,
,,Pinheiro Guimaraes,10047,"$93,444,240.00",1,,,,
,,Adalberto Calil,10048,"$93,444,240.00",1,,,,
,,Vicente Sederberg,9360,"$93,000,000.00",2,,,,
WIN6821,Winstead,Winstead,2920,"$92,317,000.00",2,,,,
ROB6924,,Roberts & Holland,4503,"$90,000,000.00",1,,,,
,,The Pittman Law Firm,9479,"$88,900,000.00",1,,,,
,,Fieldfisher,4923,"$88,553,032.00",2,,,,
,,"King, Holmes, Paterno & Soriano",7622,"$87,400,000.00",1,,,,
,,Jones Foster,6150,"$85,750,000.00",1,,,,
BUC4341,Buchanan Ingersoll,Buchanan Ingersoll & Rooney,6887,"$85,667,000.00",3,,,,
,,"Spierer, Woodward, Corbalis, & Goldberg",10064,"$85,300,000.00",1,,,,
SHI9777,Shipman & Goodwin,Shipman & Goodwin,2339,"$85,000,000.00",1,,,,
,,Ladenburg Thalmann,1517,"$85,000,000.00",2,,,,
,,Lorium,9945,"$85,000,000.00",1,,,,
,,Frank Weinberg & Black,8090,"$82,500,000.00",1,,,,
,,Sullivan & Triggs,2481,"$82,000,000.00",1,,,,
,,Giannuzzi Lewendon,5814,"$80,000,000.00",1,,,,
,,"Mette, Evans & Woodside",1750,"$78,500,000.00",1,,,,
,,H-F & Co,9433,"$78,000,000.00",1,,,,
ZUB4509,Zuber Lawler,Zuber Lawler & Del Duca,9568,"$77,100,000.00",3,,,,
,,Elkins Kalt Weintraub Reuben Gartside,7403,"$76,700,000.00",1,,,,
,,Flatiron Law Group,9707,"$76,250,000.00",1,,,,
,,Janus Capital Law Group,9973,"$76,000,000.00",1,,,,
CAR6967,,Carter Ledyard & Milburn,452,"$75,304,324.00",8,,,,
,,Ruddy Gregory,9894,"$75,000,000.00",1,,,,
,,"Gregory, Doyle, Calhoun & Rogers",8888,"$75,000,000.00",1,,,,
BAR4629,Barclay Damon,Barclay Damon,7523,"$74,000,000.00",2,,,,
,,Kulzer & DiPadova,10040,"$74,000,000.00",1,,,,
LIP7648,Lippes Mathias,Lippes Mathias Wexler Friedman,5404,"$73,500,000.00",3,,,,
WOL6994,,Wollmuth Maher & Deutsch,2749,"$73,200,000.00",1,,,,
,,Lefosse Advogados,7538,"$70,000,000.00",1,,,,
,,"Fraga, Bekierman and Cristiano Advogados",9462,"$70,000,000.00",1,,,,
,,Littman Krooks,1599,"$69,500,000.00",2,,,,
CAR4665,Carlton Fields,Carlton Fields,444,"$68,000,000.00",2,,,,
DRE4947,Drew Eckl,"Drew, Eckl & Farnham",9843,"$68,000,000.00",2,,,,
,,Tripp Scott,6420,"$67,000,000.00",1,,,,
CUL6391,,Culhane Meadows Haughian & Walsh,9658,"$65,000,000.00",3,,,,
PRI9443,,Prince Lobel Tye,9753,"$65,000,000.00",1,,,,
ECK6496,Eckert Seamans,Eckert Seamans Cherin & Mellott,799,"$64,000,000.00",2,,,,
,,Warrick & Boyn,9800,"$62,500,000.00",1,,,,
BAR7190,Barnes & Thornburg,Barnes & Thornburg,185,"$60,900,000.00",4,,,,
PRY8916,Pryor Cashman,Pryor Cashman,6905,"$60,200,000.00",9,,,,
,,"Becker, Glynn, Muffly, Chassin & Hosinski",5270,"$60,008,167.00",1,,,,
,,Beijing H&J Law Firm,10096,"$60,000,000.00",1,,,,
,,Fujian Hezhong Tiancheng Law Firm,10097,"$60,000,000.00",1,,,,
,,"Bridgford, Gleason & Artinian",9578,"$60,000,000.00",1,,,,
,,CMS Cameron McKenna Nabarro Olswang,9221,"$59,000,000.00",1,,,,
,,"Gentry, Tipton & McLemore",9857,"$59,000,000.00",1,,,,
BRE7778,,"Brennan, Manna & Diamond",10005,"$58,431,000.00",1,,,,
,,Dwyer Murphy Calvert,8651,"$58,400,000.00",2,,,,
SHU6100,,Shulman Rogers Gandal Pordy & Ecker,7463,"$58,000,000.00",1,,,,
,,Peterson Russell Kelly Livengood,6565,"$55,500,000.00",2,,,,
SAX6166,,Saxton & Stump,9776,"$55,000,000.00",1,,,,
,,Shuffield Lowman,4595,"$54,600,000.00",1,,,,
,,Fragner Seifert Pace & Winograd,8314,"$54,000,000.00",1,,,,
,,Jean M. Roche & Associates,7960,"$53,990,010.00",1,,,,
KUT7771,Kutak Rock,Kutak Rock,1509,"$52,789,425.00",1,,,,
FRE4982,Freeborn & Peters,Freeborn & Peters,5199,"$52,000,000.00",1,,,,
,,"Daniel W. Small, Law Offices of",6578,"$51,900,000.00",1,,,,
,,Carman Lehnhof Israelsen,7655,"$51,750,000.00",1,,,,
SMI9552,SmithAmundsen,SmithAmundsen,7894,"$51,350,000.00",2,,,,
,,HHS Avocat,9698,"$51,000,000.00",1,,,,
,,Bevilacqua,7220,"$50,047,845.00",8,,,,
SEY4818,Seyfarth,Seyfarth Shaw,2317,"$50,000,000.00",2,,,,
,,TangoLaw,7636,"$50,000,000.00",1,,,,
,,Kunzler Bean & Adamson,9876,"$50,000,000.00",1,,,,
,,Holman Fenwick Willan,10203,"$50,000,000.00",1,,,,
,,LglBiz,9511,"$50,000,000.00",1,,,,
,,"Zysman, Aharoni, Gayer & Co.",9321,"$50,000,000.00",2,,,,
,,Shook Lin & Bok,9596,"$50,000,000.00",1,,,,
,,Mark Anchor Albert & Associates,9877,"$50,000,000.00",1,,,,
,,DL Corporate & Regulatory,10204,"$50,000,000.00",1,,,,
PAR6184,Parsons Behle,Parsons Behle & Latimer,1997,"$49,400,000.00",3,,,,
,,Otten Johnson Robinson Neff + Ragonetti,1962,"$48,700,000.00",1,,,,
JOH5929,,Johnson Pope Bokor Ruppel Burns,1360,"$48,000,000.00",1,,,,
,,Amit Pollak Matalon,69,"$48,000,000.00",1,,,,
,,Hassan and Cables,9845,"$47,000,000.00",1,,,,
,,Miller Shah,9899,"$47,000,000.00",1,,,,
MIL6078,Miller & Martin,Miller & Martin,1772,"$46,800,000.00",2,,,,
,,Stahl & Kessler,9797,"$45,400,000.00",1,,,,
,,"Goering, Schmiegelt & Fischer",9798,"$45,400,000.00",1,,,,
ROB2311,Robinson & Cole,Robinson+Cole,2179,"$44,300,000.00",4,,,,
,,ESOP Law Group,10119,"$44,000,000.00",1,,,,
,,GCA Law Partners,4928,"$43,882,114.00",1,,,,
,,Anthony L.G.,9215,"$43,164,039.00",13,,,,
POY7301,,Poyner Spruill,7207,"$43,000,000.00",1,,,,
,,Pickering & Cotogno,9436,"$43,000,000.00",1,,,,
,,Litwin Law,9687,"$42,000,000.00",1,,,,
,,Gurnee Mason Rushford Bonotto & Forestiere,9579,"$41,400,000.00",1,,,,
RUS3068,,Ruskin Moscou Faltischek,2222,"$41,020,640.00",5,,,,
,,LaBarge Weinstein,4980,"$40,355,000.00",3,,,,
MUN4377,Munsch Hardt,Munsch Hardt Kopf & Harr,7331,"$40,000,000.00",2,,,,
,,Levi Laurenti,10043,"$40,000,000.00",1,,,,
,,Preeo Silverman Green & Egle,10022,"$40,000,000.00",1,,,,
BAI2244,,Baird Holm,138,"$39,900,000.00",1,,,,
MAS9419,,Mason Hayes & Curran,4250,"$39,900,000.00",1,,,,
ULM6933,Ulmer & Berne,Ulmer & Berne,2575,"$39,600,000.00",1,,,,
WIL6978,,Wilkinson Barker Knauer,5474,"$39,274,393.00",1,,,,
,,Sher Garner Cahill Richter Klein & Hilbert,10167,"$38,500,000.00",1,,,,
,,Dioguardi Law Firm,9610,"$38,000,000.00",1,,,,
,,Advokatfirman Vinge,3308,"$37,150,815.00",1,,,,
COB8058,Coblentz Patch,Coblentz Patch Duffy & Bass,548,"$37,000,000.00",2,,,,
,,Bolen Fransen Sawyers,6744,"$37,000,000.00",1,,,,
GUN2463,Gunster,"Gunster, Yoakley & Stewart",5668,"$36,900,000.00",2,,,,
PAC2394,,Pachulski Stang Ziehl & Jones,5471,"$36,000,000.00",2,,,,
,,Lavery De Billy,5518,"$36,000,000.00",2,,,,
,,Weirfoulds,5101,"$35,875,000.00",2,,,,
ARC3828,Archer,Archer & Greiner,92,"$35,700,000.00",3,,,,
LAN5015,Lane Powell,Lane Powell,1526,"$35,000,000.00",2,,,,
TAN5322,,Tannenbaum Helpern Syracuse Hirschtritt,2506,"$34,839,292.00",1,,,,
,,"Moomjian, Waite & Coleman",1810,"$34,839,292.00",1,,,,
,,Beijing Tongshang Law Firm,7631,"$34,477,586.00",1,,,,
,,"Cardwell, Hart & Bennett",9602,"$34,400,000.00",1,,,,
,,Gracin & Marlow,6134,"$34,100,000.00",9,,,,
,,Loren P Hansen,8417,"$32,885,274.00",2,,,,
BUR4586,,"Burke, Warren, MacKay & Serritella",387,"$32,000,000.00",1,,,,
MCA3782,McAfee & Taft,McAfee & Taft,1696,"$32,000,000.00",1,,,,
ODI9990,,"Odin, Feldman & Pittleman",9690,"$32,000,000.00",1,,,,
,,Paul Foster Law Offices,10013,"$32,000,000.00",1,,,,
,,"Robert L B Diener, Law Offices of",6316,"$31,295,075.00",2,,,,
GRE8768,Greenspoon Marder,Greenspoon Marder,4938,"$31,000,000.00",1,,,,
,,Piper Alderman Management Pty,10243,"$31,000,000.00",1,,,,
,,Aegis Law,9949,"$30,957,000.00",2,,,,
STR9799,Stradling Yocca,Stradling Yocca Carlson & Rauth,2469,"$30,248,000.00",4,,,,
HUN6993,,Hunter Maclean,9677,"$30,000,000.00",1,,,,
ARN5072,Arnall Golden,Arnall Golden Gregory,100,"$29,800,000.00",3,,,,
,,TroyGould,2562,"$29,500,000.00",4,,,,
,,"Berger, Cohen & Brandt",10057,"$29,000,000.00",1,,,,
,,"Carmel, Milazzo & Dichiara",9143,"$28,891,710.00",5,,,,
PIE5769,Pierce Atwood,Pierce Atwood,2043,"$28,800,000.00",3,,,,
,,Monroe Moxness Berg,10126,"$28,000,000.00",1,,,,
,,McGrail & Bensinger,9261,"$27,221,250.00",2,,,,
,,Gennari Aronson,3873,"$27,000,000.00",2,,,,
,,Kaplan Voekler Cunningham & Frank,7447,"$26,900,000.00",3,,,,
,,Garfinkle Biderman,9826,"$26,038,814.00",5,,,,
,,"Seubert, French, Frimel & Warner",5830,"$25,905,000.00",2,,,,
,,Underwood Law Firm,10165,"$25,900,000.00",1,,,,
HIR1321,,Hirschler Fleischer,1224,"$25,500,000.00",3,,,,
,,JDT Legal,9967,"$25,436,900.00",5,,,,
,,Kluk Farber Law,9867,"$25,024,129.00",1,,,,
GOR9094,,Gordon Feinblatt Rothman Hoffberger & Hollander,1078,"$25,000,000.00",1,,,,
,,Alliance Legal Partners,9522,"$25,000,000.00",1,,,,
,,Johnson & Oshan Law,10260,"$25,000,000.00",1,,,,
,,Borenius Attorneys,4870,"$24,600,000.00",1,,,,
,,Gernandt & Danielsson Advokatbyra,4929,"$24,600,000.00",2,,,,
,,Gutierrez Bergman Boulris,8046,"$24,600,000.00",1,,,,
,,Frisoni Associates,9874,"$24,360,000.00",1,,,,
,,Sherman Silverstein Kohl Rose & Podolsky,6470,"$24,150,000.00",1,,,,
,,Global Legal Law Firm,9541,"$24,000,000.00",1,,,,
,,Lex Nova Law,10232,"$23,762,500.00",3,,,,
,,Mogan Daniels Slager,10041,"$23,500,000.00",2,,,,
,,CHH Law,9883,"$23,280,000.00",1,,,,
,,Ashbaugh Beal,9757,"$23,000,000.00",1,,,,
,,Dysart Taylor Cotter McMonigle & Brumitt,9904,"$22,500,000.00",1,,,,
TON1461,,Tonkon Torp,2544,"$22,425,000.00",3,,,,
NYE3832,,Nyemaster Goode,1926,"$22,300,000.00",1,,,,
CHA7359,,"Chambliss, Bahner & Stophel",8071,"$21,300,000.00",1,,,,
,,McLeod Law,10130,"$21,000,000.00",1,,,,
HAR4080,,Harris Shelton Hanover Walsh,9584,"$20,500,000.00",1,,,,
,,McShane & Bowie,9583,"$20,500,000.00",1,,,,
,,MagStone Law,9741,"$20,472,850.00",1,,,,
,,National Criminal Defense Group,10083,"$20,096,250.00",1,,,,
,,Hutchison,9604,"$20,000,000.00",2,,,,
,,Miller Hahn,9728,"$20,000,000.00",1,,,,
JON5707,,"Jones, Waldo, Holbrook & McDonough",6265,"$19,040,008.00",1,,,,
,,"Neuberger, Quinn, Gielen, Rubin & Gibber",1887,"$19,000,000.00",1,,,,
,,Selman Munson & Lerner,9639,"$19,000,000.00",1,,,,
,,"Levy, Stopol & Camelo",7666,"$18,900,000.00",1,,,,
,,Koennecke Naujok,9396,"$18,900,000.00",1,,,,
,,Marion & Allen,10085,"$18,700,000.00",1,,,,
,,Beijing Shang Gong Hefei Law Office,9734,"$18,348,623.00",1,,,,
MIR4980,,Mirick O'Connell Demallie & Lougee,1789,"$18,200,000.00",2,,,,
,,Rogoway Law Group,9925,"$18,078,000.00",1,,,,
,,Haddan & Zepfel,3948,"$18,000,000.00",1,,,,
,,Jacobson Mermelstein & Squire,10245,"$18,000,000.00",1,,,,
,,Fluet Huber + Hoang,9362,"$18,000,000.00",1,,,,
MOY5164,,Moye White,1847,"$17,900,000.00",1,,,,
CON4094,Conner & Winters,Conner & Winters,583,"$17,800,000.00",2,,,,
MIC9838,Michael Best,Michael Best & Friedrich,1759,"$17,125,000.00",2,,,,
,,JV Lakiasiat,10200,"$16,700,000.00",1,,,,
,,Avance Asianajotoimisto,10198,"$16,700,000.00",1,,,,
MCD8303,,McDonald Carano,1707,"$16,567,845.00",1,,,,
,,Woodside Counsel,5704,"$16,500,000.00",2,,,,
,,"Dawda, Mann, Mulcahy & Sadler",10027,"$16,400,000.00",1,,,,
,,Pittman & Steele,9695,"$16,200,000.00",1,,,,
,,Chatillon Weiss,10122,"$15,550,000.00",1,,,,
COX3301,Cox Castle,"Cox, Castle & Nicholson",613,"$15,388,000.00",1,,,,
,,"Bregman, Berbert, Schwartz & Gilday",10037,"$15,300,000.00",1,,,,
BON2894,Bond Schoeneck,"Bond, Schoeneck & King",3453,"$15,000,000.00",1,,,,
SHU6883,Shutts & Bowen,Shutts & Bowen,2348,"$15,000,000.00",2,,,,
,,Song,9529,"$15,000,000.00",2,,,,
HIN3470,,"Hinman, Howard & Kattell",1222,"$14,900,000.00",1,,,,
,,Thompson,9922,"$14,900,000.00",1,,,not thompson and knight,
,,CBWM & Associes,9611,"$14,400,000.00",1,,,,
,,Sharon Raviv,6000,"$14,400,000.00",1,,,,
,,JB Law,10104,"$14,184,375.00",1,,,,
,,Cleber N.V.,10105,"$14,184,375.00",1,,,,
,,Harvey Kesner,6317,"$14,000,000.00",1,,,,
,,Foley Shechter Ablovatskiy,7267,"$14,000,000.00",2,,,,
,,"Gearhiser, Peters, Elliott & Cannon",9740,"$13,750,000.00",2,,,,
GRA1814,Gray Reed,Gray Reed & McGraw,7889,"$13,093,000.00",4,,,,
,,Ingram Yuzek Gainen Carroll & Bertolotti,10268,"$13,000,000.00",1,,,,
,,Burn Wall Smith & Mueller,389,"$13,000,000.00",1,,,,
,,BoyarMiller,8092,"$12,900,000.00",1,,,,
,,Bold Legal,10100,"$12,900,000.00",1,,,,
,,Ince Gordon Dadds,10017,"$12,338,814.00",1,,,,
,,Beard Winter,5442,"$12,000,000.00",1,,,,
,,Reid Rubinstein Bogatz,9944,"$12,000,000.00",1,,,,
,,Zukerman Gore Brandeis & Crossman,2784,"$12,000,000.00",1,,,,
,,"Gozdecki, Del Giudice, Americus, Farkas & Brocato",9873,"$11,850,000.00",1,,,,
,,R. Reese and Associates,10233,"$11,800,000.00",1,,,,
,,MLT Aikins,9771,"$11,675,000.00",1,,,,
,,Kingmoon & Kingyang Jiulongpo Law Firm,9995,"$11,617,500.00",1,,,,
,,KPPB Law,8088,"$11,500,000.00",1,,,,
,,Foster Graham Milstein & Calisher,9085,"$11,300,000.00",1,,,,
,,Doherty & Doherty,3727,"$11,122,911.00",1,,,,
KAU6401,"Kaufman & Canoles, P.C.",Kaufman & Canoles,1416,"$11,093,008.00",2,,,,
,,Zampino Law,9852,"$11,000,000.00",1,,,,
,,Childs Cantey Thrasher,10063,"$11,000,000.00",1,,,,
,,Blaney McMurtry,8188,"$11,000,000.00",1,,,,
,,McCotter,10062,"$10,600,000.00",1,,,,
,,Green & Sklarz,10177,"$10,500,000.00",1,,,,
BOU9208,,Boutin Jones,9576,"$10,450,000.00",1,,,,
,,Donahoe & Young,9577,"$10,450,000.00",1,,,,
,,McMenamin Law Group,9672,"$10,400,000.00",1,,,,
,,"Palmieri, Tyler, Wiener, Wilhelm & Waldron",9850,"$10,400,000.00",1,,,,
TUC8778,Tucker Ellis,Tucker Ellis,5372,"$10,300,000.00",2,,,,
,,The Small Business Law Firm,10058,"$10,250,000.00",1,,,,
KEG9132,,Kegler Brown Hill + Ritter,1434,"$10,000,000.00",2,,,,
,,"Alexander Freedman, Law Offices of",9916,"$10,000,000.00",1,,,,
,,Aird & Berlis,5284,"$10,000,000.00",1,,,,
,,Liaoning New Century Law Firm,9587,"$10,000,000.00",1,,,,
,,Nolen,9663,"$10,000,000.00",1,,,,
,,Gallinger Law,10281,"$10,000,000.00",1,,,,
,,Horn & Co.,5418,"$9,933,000.00",1,,,,
,,"Meadows, Collier, Reed, Cousins, Crouch & Ungerman",9868,"$9,600,000.00",1,,,,
SHE2709,,Sheehan Phinney,4582,"$9,500,000.00",1,,,,
,,DeMint Law,5433,"$9,500,000.00",1,,,,
,,Bosen & Associates,10115,"$9,500,000.00",1,,,,
,,Zumpano Castro,9723,"$9,452,000.00",1,,,,
,,"ChongQing Jing Mu Jin Yang Jiulongpo, Law Offices of",9731,"$9,146,340.00",1,,,,
,,Becker,10171,"$9,014,065.00",1,,,,
,,Enterprise Legal Studio,9836,"$9,000,000.00",1,,,,
,,Howell Legal,9505,"$9,000,000.00",2,,,,
,,Vectis Law,9951,"$8,900,000.00",1,,,,
,,Cheng Cohen,7388,"$8,730,000.00",1,,,,
,,Cohn Birnbaum & Shea,4896,"$8,730,000.00",1,,,,
,,Gonnell Law,9975,"$8,700,000.00",2,,,,
,,RA Feingold Law & Consulting,9931,"$8,700,000.00",2,,,,
,,Goodspeed & Merrill,7254,"$8,386,850.00",1,,,,
,,"Hurley, Toevs, Styles, Hamblin & Panter",9859,"$8,100,000.00",1,,,,
,,McNamara & Yates,9909,"$8,000,000.00",1,,,,
,,"Nevers, Palazzo, Packard, Wildermuth & Wynner",10213,"$8,000,000.00",1,,,,
,,Jack L. Hunter,7004,"$7,900,000.00",1,,,,
NAS9326,,"Nason, Yeager, Gerson, Harris & Fumero",7129,"$7,715,366.00",9,,,,
,,"Matry, Meiri",9862,"$7,600,000.00",1,,,,
,,"Winderweedle, Haines, Ward & Woodman",2724,"$7,360,000.00",1,,,,
MEL4313,,"Meltzer, Lippe, Goldstein & Breitstone",1730,"$7,300,000.00",1,,,,
,,Kavinoky Cook,1420,"$7,125,000.00",1,,,,
,,"West, Webb, Allbritton & Gentry",9595,"$7,125,000.00",1,,,,
,,"Gary J. Fernandez, Law Offices of",10184,"$7,125,000.00",1,,,,
,,Gusrae Kaplan Nusbaum,1131,"$7,124,996.00",1,,,,
,,Miller & Law,9939,"$7,100,000.00",2,,,,
,,Eitan Mehulal & Sadot Law Firm,9290,"$7,020,000.00",1,,,,
LAR4861,,Larkin Hoffman Daly & Lindgren,1530,"$7,000,000.00",1,,,,
,,Law Offices of Michael P. Pasquale,10211,"$7,000,000.00",1,,,,
,,PSL Law Group,10282,"$7,000,000.00",1,,,,
,,"Doerner, Saunders, Daniel & Anderson",745,"$6,932,193.00",3,,,,
,,Holley Driggs Law Firm,9787,"$6,850,000.00",1,,,,
,,Hansen Black Anderson Ashcraft,6083,"$6,800,000.00",2,,,,
,,Ferguson Case Orr Paterson,10214,"$6,800,000.00",1,,,,
,,Keable & Brown,9437,"$6,700,000.00",1,,,,
HAW9605,,Hawley Troxell,4944,"$6,650,000.00",1,,,,
LAN2951,,Langley & Banack,10149,"$6,500,000.00",1,,,,
,,Nygard Advisors LLC,10124,"$6,500,000.00",1,,,,
,,"Young, Williams & Ward",10275,"$6,500,000.00",1,,,,
,,Koeppel Law Group,7695,"$6,500,000.00",1,,,,
,,Sherman & Sherman,9521,"$6,500,000.00",1,,,,
,,McCollom D'Emilio Smith Uebler,9789,"$6,480,000.00",1,,,,
,,Finneran & Nicholson,8048,"$6,453,608.00",1,,,,
,,Joshpe Mooney and Paltzik,10179,"$6,453,608.00",1,,,,
,,Felicello Law,10180,"$6,453,608.00",1,,,,
,,Katz Teller Brant & Hild,4966,"$6,300,000.00",2,,,,
FRI3426,,Friedman Kaplan Seiler & Adelman,975,"$6,200,000.00",1,,,,
HAN8079,,Hancock Estabrook,7518,"$6,200,000.00",1,,,,
,,McCausland Keen + Buckman,1700,"$6,200,000.00",1,,,,
,,Pushor Mitchell,5039,"$6,086,903.00",1,,,,
,,Estudio Rubio & Asociados,9691,"$6,086,903.00",1,,,,
,,BrownWinick,365,"$6,050,000.00",1,,,,
WIL7426,Williams & Connolly,Williams & Connolly,2915,"$6,000,000.00",1,,,,
,,Acceleron Law Group,10014,"$6,000,000.00",1,,,,
,,Greenberg Freeman,7288,"$6,000,000.00",1,,,,
,,"Crady, Jewett & McCulley & Houren",9080,"$6,000,000.00",1,,,,
,,Disclosure Law Group,9483,"$6,000,000.00",4,,,,
,,Blanchard Pattison,10151,"$5,993,333.00",1,,,,
FEN1877,Fennemore Craig,Fennemore Craig,876,"$5,844,580.00",1,,,,
,,Clyde Snow & Sessions,6118,"$5,844,580.00",1,,,,
PAR7138,,Parr Brown Gee & Loveless,5324,"$5,700,000.00",1,,,,
,,"John H. Guin, Law Offices of",10134,"$5,400,000.00",1,,,,
,,Lyons O'Dowd,10135,"$5,400,000.00",1,,,,
,,"Bass, Dunklin, McCullough & Smith",9438,"$5,300,000.00",1,,,,
,,"Cowan, Liebowitz & Latman",9828,"$5,243,866.00",1,,,,
,,Indus Counsel,10068,"$5,200,000.00",1,,,,
BEL2416,,Bell Nunnally & Martin,7610,"$5,100,000.00",1,,,,
HAW7792,Hawkins Parnell,Hawkins Parnell & Young,9750,"$5,100,000.00",1,,,,
,,Brix Law,10054,"$5,100,000.00",1,,,,
,,"Thomas O. Hoffman, Law Offices of",10055,"$5,100,000.00",1,,,,
,,Stahl Cowen Crowley Addis,5504,"$5,000,000.00",1,,,,
,,McCloskey Law,10208,"$5,000,000.00",1,,,,
,,Crosbie Gliner Schiffman Southard & Swanson,7709,"$5,000,000.00",1,,,,
,,O'Daniel McDonald,9914,"$5,000,000.00",1,,,,
,,Markotsis & Lieberman,9718,"$4,700,000.00",2,,,,
,,"Redder, Bock & Associates",10103,"$4,577,500.00",1,,,,
,,"Benjamin, Gussin & Associates",10150,"$4,560,000.00",1,,,,
,,Ruta Soulios & Stratis,9675,"$4,559,600.00",2,,,,
PRE6129,Preti Flaherty,"Preti, Flaherty, Beliveau & Pachios",7318,"$4,550,000.00",2,,,,
PUL4467,,Pullman & Comley,9972,"$4,300,000.00",1,,,,
BOU5555,,Boughton Law,309,"$4,250,000.00",1,,,,
,,"Jerry J Goldstein, Law Offices of",9625,"$4,250,000.00",1,,,,
,,Harper Business Law,10101,"$4,094,700.00",1,,,,
,,Potters & Della Pietra,10102,"$4,094,700.00",1,,,,
MCB8614,,McBrayer,9304,"$4,000,000.00",1,,,,
,,Decker Jones,6247,"$4,000,000.00",1,,,,
,,Lanier Ford Shaver & Payne,6384,"$4,000,000.00",1,,,,
,,PilieroMazza,9589,"$4,000,000.00",1,,,,
,,Katz Barron,8086,"$4,000,000.00",2,,,,
,,Hasbani & Light,9037,"$3,900,000.00",1,,,,
,,Black & Gerngross,10261,"$3,900,000.00",1,,,,
TOR8439,,Torkin Manes,5382,"$3,850,000.00",2,,,,
,,Rich May,9772,"$3,780,000.00",1,,,,
,,"Baucom, Claytor, Benton, Morgan & Wood",9959,"$3,678,000.00",1,,,,
,,Crone Law Group,3651,"$3,678,000.00",6,,,,
,,Davis Gillett Mottern & Sims,6063,"$3,664,000.00",1,,,,
,,Rose Grasch Camenisch Mains,9481,"$3,664,000.00",1,,,,
,,Schmittinger & Rodriguez,9564,"$3,600,000.00",1,,,,
,,Minden Gross,8897,"$3,536,675.00",1,,,,
DOW7669,,Downs Rachlin Martin,10015,"$3,500,000.00",1,,,,
RHO1242,,Rhoades McKee,2155,"$3,500,000.00",1,,,,
,,Wolfson Bolton,9938,"$3,500,000.00",1,,,,
,,Paesano Akkashian Apkarian,7550,"$3,500,000.00",2,,,,
,,Clarke Willmott,9715,"$3,465,366.00",1,,,,
,,Sklar Williams,9318,"$3,400,000.00",1,,,,
,,Wysocki Law Group,9993,"$3,217,500.00",1,,,,
,,Ireland Stapleton Pryor & Pascoe,10216,"$3,217,500.00",1,,,,
,,Bass Sox Mercer,9659,"$3,200,000.00",2,,,,
,,R. Leslie Waycaster Jr.,9544,"$3,200,000.00",1,,,,
,,Jones & Associates,9660,"$3,200,000.00",1,,,,
,,Underwood & Roberts,9630,"$3,200,000.00",1,,,,
,,Mann Lawyers,9963,"$3,196,901.00",1,,,,
WIL4046,,"Wilentz, Goldman & Spitzer",8975,"$3,000,000.00",1,,,,
,,Fournier Legal Services,10266,"$3,000,000.00",1,,,,
,,Averitt & Alford,7217,"$3,000,000.00",1,,,,
,,"Jones, Blechman, Woltz & Kelly",8180,"$3,000,000.00",1,,,,
,,Winkel Law Office,9194,"$3,000,000.00",1,,,,
,,Speciale & Burton,9961,"$3,000,000.00",1,,,,
,,Scruggs & Carmichael,10239,"$2,900,000.00",1,,,,
,,Ortoli Rosenstadt,9617,"$2,830,800.00",3,,,,
,,Lawrence Chua Practice,9618,"$2,830,800.00",1,,,,
,,Blue HF Legal,10219,"$2,700,000.00",1,,,,
,,Simmons & Simmons,4602,"$2,598,080.00",1,,,,
,,Maldonado Law Group,9722,"$2,555,000.00",1,,,,
,,"Davis, Hutchinson & Wilkerson",7871,"$2,537,642.00",1,,,,
GRA4391,GrayRobinson,GrayRobinson,1097,"$2,534,000.00",1,,,,
,,Law Offices of Robert E. Blinstrubas,9500,"$2,510,640.00",1,,,,
,,Kent Law,9600,"$2,500,000.00",1,,,,
,,"Michael V. Caplette, Law Offices of",9896,"$2,500,000.00",1,,,,
JAM3106,,James Bates Brannan Groover,7675,"$2,325,000.00",1,,,,
WAR9020,,Ward and Smith,2632,"$2,325,000.00",1,,,,
,,Solman & Hunter,9879,"$2,300,000.00",1,,,,
,,Conway Law Group,10087,"$2,300,000.00",1,,,,
,,Irwin Lowy,7908,"$2,250,000.00",3,,,,
,,Lotz & Company,10128,"$2,250,000.00",1,,,,
OBE4157,Obermayer Rebmann,Obermayer Rebmann Maxwell & Hippel,6304,"$2,200,000.00",1,,,,
,,Mailander Law Office,7202,"$2,200,000.00",2,,,,
,,"Clifton Black, Law Offices of",9801,"$2,200,000.00",1,,,,
,,Wayne G. Wegner,10210,"$2,173,512.00",1,,,,
,,Allen Vellone Wolf Helfrich & Factor,6094,"$1,750,000.00",1,,,,
,,Borsari & Paxson,9928,"$1,750,000.00",1,,,,
,,Donnelly Minter & Kelly,10234,"$1,700,000.00",1,,,,
GER6502,,Germer,9783,"$1,660,000.00",1,,,,
,,"Slutzky, Wolfe & Bailey",7296,"$1,655,000.00",1,,,,
,,White Summers Caffee & James,9543,"$1,600,000.00",1,,,,
,,Rock Fusco & Connelly,10257,"$1,500,000.00",1,,,,
,,"Dan J. Alpert, Law Offices of",9927,"$1,500,000.00",1,,,,
,,E. Evan Cope,10001,"$1,500,000.00",1,,,,
,,Ozdinec & Witzel,10052,"$1,300,000.00",1,,,,
,,Business Legal Advisors,10053,"$1,300,000.00",1,,,,
,,Merritt & Merritt Law Firm,9646,"$1,300,000.00",2,,,,
,,C Craig Cole & Associates,7283,"$1,300,000.00",1,,,,
,,Shapero Green,9751,"$1,250,012.00",2,,,,
,,Lunn & Associates,9574,"$1,200,000.00",1,,,,
,,Harris Tate,7409,"$1,200,000.00",1,,,,
,,Archstone Law Group,10088,"$1,080,000.00",1,,,,
,,Steckler Gresham Cochran,9674,"$1,059,600.00",1,,,,
,,Richardson & Associates,2161,"$1,000,010.00",1,,,,
HER8484,Herrick Feinstein,"Herrick, Feinstein",1209,"$1,000,000.00",1,,,,
,,Ewing & Jones,6467,"$1,000,000.00",1,,,,
HAR5764,Harris Beach,Harris Beach,1170,"$30,000.00",1,,,,
ALL8866,Allen Matkins,,,,,,,,
ATH8646,Atheria Law PC,,,,,,,,
ATK5057,Atkinson Andelson,,,,,,,,
BAB1376,Babst Calland,,,,,,,,
BAL2806,Balch & Bingham,,,,,,,,
BAN2220,Banner Witcoff,,,,,,,,
BAR2845,"Baron & Budd, P.C.",,,,,,,,
BER3807,Berry Appleman,,,,,,,,
BER5120,Bernstein Shur,,,,,,,,
BES8682,Best Best & Krieger,,,,,,,,
BEV9296,Beveridge & Diamond,,,,,,,,
BIL9589,Bilzin Sumberg Baena Price & Axelrod LLP,,,,,,,,
BOI8535,Boies Schiller,,,,,,,,
BOO1724,Bookoff McAndrews,,,,,,,,
BOS3981,Bose McKinney,,,,,,,,
BOW1528,Bowman and Brooke,,,,,,,,
BRE3693,Bressler Amery,,,,,,,,
BRE4030,Bremer Whyte,,,,,,,,
BRI1078,Bricker & Eckler,,,,,,,,
BRO1848,Brouse McDowell,,,,,,,,
BRO3291,Brooks Kushman,,,,,,,,
BRO4724,Brown Sims,,,,,,,,
BRO9353,Brown & James,,,,,,,,
BUR5317,Burke Williams,,,,,,,,
BUR9014,Burns White,,,,,,,,
BUT4096,Butzel Long,,,,,,,,
BUT8137,Butler Weihmuller,,,,,,,,
CAN8188,Cantor Colburn LLP,,,,,,,,
CAR7309,Carr Allison,,,,,,,,
CAS3765,Cassiday Schade,,,,,,,,
CDF9485,CDF Labor Law,,,,,,,,
CHA3758,Chartwell Law Offices,,,,,,,,
CHI6690,Chiesa Shahinian,,,,,,,,
CIP1319,Cipriani & Werner,,,,,,,,
CLI5172,Clifford Law Offices,,,,,,,,
CLY3321,Clyde & Co,,,,,,,,
COC6144,The Cochran Firm,,,,,,,,
COH2796,Cohen Seglias Pallas Greenhall & Furman PC,,,,,,,,
COH4110,Cohen Ziffer Frenchman & McKenna LLP,,,,,,,,
COH4591,Cohen Milstein,,,,,,,,
COL2453,Cole Scott,,,,,,,,
CON2658,Conroy Simberg,,,,,,,,
CON5038,Connell Foley,,,,,,,,
CON5457,Constangy Brooks,,,,,,,,
COR2779,Cordell & Cordell,,,,,,,,
CRO4574,Crowley Fleck,,,,,,,,
CRO5443,Crowe & Dunlevy,,,,,,,,
CUL6752,Cullen & Dykman,,,,,,,,
DAV2046,Davis + Gilbert,,,,,,,,
DEW1765,DeWitt,,,,,,,,
DIA2103,Diaz Reus,,,,,,,,
DIC4124,Dickie McCamey,,,,,,,,
DRU3444,Drummond Woodsum,,,,,,,,
EIM8163,Eimer Stahl,,,,,,,,
ERI8496,"Erise IP, P.A.",,,,,,,,
FIN6140,Finnegan,,,,,,,,
FIS5507,Fisher Phillips,,,,,,,,
FIS7327,Fish & Richardson,,,,,,,,
FIT2993,Fitch Even,,,,,,,,
FLA5125,Flaster Greenberg,,,,,,,,
FOL6060,Foley & Mansfield,,,,,,,,
FOR5804,FordHarrison,,,,,,,,
FOS9990,Foster Garvey,,,,,,,,
FOW8015,Fowler White Burnett,,,,,,,,
FRA3737,Franklin & Prokopik,,,,,,,,
FRA5849,"Frankfurt Kurnit Klein & Selz, PC",,,,,,,,
FRA7996,Frantz Ward,,,,,,,,
FRA8329,Fragomen,,,,,,,,
FRE5749,Freeman Mathis,,,,,,,,
FRO3597,Fross Zelnick,,,,,,,,
FUL5541,Fullerton Beck LLP,,,,,,,,
GAB1672,GableGotwals,,,,,,,,
GAL7815,Galloway Johnson,,,,,,,,
GIB4053,Gibbs & Bruns,,,,,,,,
GOL4784,Goldberg Segalla,,,,,,,,
GOO3658,Goodell DeVries,,,,,,,,
GOR4873,Gordon & Rees,,,,,,,,
GRE2781,Greenbaum Rowe,,,,,,,,
HAH9189,Hahn Loeser,,,,,,,,
HAL3044,Hall Render,,,,,,,,
HAL3064,Hall Booth,,,,,,,,
HAL4710,Hall & Evans,,,,,,,,
HAL9043,Hall Estill,,,,,,,,
HAM6391,Hamilton Brook,,,,,,,,
HAN1847,Hanna Brophy,,,,,,,,
HAN3473,Hanson Bridgett,,,,,,,,
HAN6281,Hand Arendall,,,,,,,,
HAR6561,Harrity & Harrity,,,,,,,,
HAR9802,Harness Dickey,,,,,,,,
HAY5057,Haynsworth Sinkler,,,,,,,,
HED6713,Hedrick Gardner,,,,,,,,
HEP5262,HeplerBroom LLC,,,,,,,,
HEY7262,Heyl Royster,,,,,,,,
HIN3247,Hinshaw,,,,,,,,
HOG2347,Hoguet Newman,,,,,,,,
HOL4420,Holwell Shuster,,,,,,,,
HOL8785,Hollingsworth,,,,,,,,
IRE7719,Irell & Manella,,,,,,,,
IRW4296,Irwin Fritchie,,,,,,,,
IVI8762,Ivins Phillips,,,,,,,,
JAC7450,Jackson Lewis,,,,,,,,
JOH2327,"Johnson & Bell, Ltd.",,,,,,,,
JON8864,Jones Skelton & Hochuli,,,,,,,,
KAN4857,Kanner & Pintaluga,,,,,,,,
KAS4853,Kasowitz,,,,,,,,
KAU7590,Kaufman Borgeest,,,,,,,,
KAU9963,Kaufman Dolowich,,,,,,,,
KEE7747,Keesal Young,,,,,,,,
KEK7881,Keker Van Nest,,,,,,,,
KEL4308,Kelley Kronenberg,,,,,,,,
KIT8404,Kitch Drutchas,,,,,,,,
KLE2405,Klehr Harrison Harvey Branzburg LLP,,,,,,,,
KNO6398,Knobbe Martens,,,,,,,,
KOP5111,Kopka Pinkus,,,,,,,,
KUB8932,Kubicki Draper,,,,,,,,
LAU5640,Laughlin Falbo,,,,,,,,
LEE6006,"Leech Tishman Fuscaldo & Lampl, LLC",,,,,,,,
LEW4263,Lewis Thomason,,,,,,,,
LEW4899,Lewis Roca,,,,,,,,
LEW6280,"Lewis, Longman & Walker, P.A.",,,,,,,,
LIE1937,Liebert Cassidy,,,,,,,,
LIE5620,Lieff Cabraser,,,,,,,,
LIN8982,Linebarger Goggan,,,,,,,,
LIS1947,Liskow & Lewis,,,,,,,,
LIT5712,Litchfield Cavo,,,,,,,,
LOW5602,Lowndes,,,,,,,,
LOZ2506,Lozano Smith,,,,,,,,
LUK7241,Luks Santaniello,,,,,,,,
MAD9398,Marshall Dennehey,,,,,,,,
MAG2030,Marshall Gerstein,,,,,,,,
MAM1648,Maron Marvel,,,,,,,,
MAN6698,Manning & Kass,,,,,,,,
MAN8280,Manko Gold,,,,,,,,
MCA4699,"McAndrews, Held & Malloy, Ltd.",,,,,,,,
MCA6742,McAngus Goudelock,,,,,,,,
MCE6231,McElroy Deutsch,,,,,,,,
MCG6963,McGlinchey Stafford,,,,,,,,
MCK3001,McKool Smith,,,,,,,,
MCL2668,McLaughlin & Stern,,,,,,,,
MCN2943,McNees Wallace,,,,,,,,
MEA7538,Meagher + Geer,,,,,,,,
MER6421,Merchant & Gould,,,,,,,,
MES8149,Messner Reeves,,,,,,,,
MGM8251,MG+M The Law Firm,,,,,,,,
MIL3120,Milber Makris,,,,,,,,
MIL4207,Miller & Chevalier,,,,,,,,
MIL5929,Miller Canfield,,,,,,,,
MIL9673,"Miller Barondess, LLP",,,,,,,,
MOR5227,Morgan & Morgan,,,,,,,,
MOR5748,Morrison Mahoney,,,,,,,,
MOR5767,Morris Bart,,,,,,,,
MOS4154,Moss & Barnett,,,,,,,,
MOT6450,Motley Rice,,,,,,,,
MOU4666,Mound Cotton Wollan & Greengrass LLP,,,,,,,,
MUR2383,Murchison & Cumming,,,,,,,,
NAM6706,"Naman Howell Smith & Lee, PLLC",,,,,,,,
NEX4110,Nexsen Pruet,,,,,,,,
NIC4032,Nicolaides Fink Thorpe Michaelides Sullivan LLP,,,,,,,,
NIL2967,Nilan Johnson,,,,,,,,
NOR3218,Norris McLaughlin,,,,,,,,
NOS9631,Nossaman,,,,,,,,
OFF9682,Offit Kurman,,,,,,,,
OGL7287,Ogletree,,,,,,,,
OHM3563,O'Hagan Meyer,,,,,,,,
PAL1927,Paley Rothman,,,,,,,,
PAT1859,Patterson + Sheridan,,,,,,,,
PAT3195,Patterson Belknap,,,,,,,,
PEC3730,Peckar & Abramson,,,,,,,,
PHI7031,Phillips Lytle,,,,,,,,
PHI9620,Phillips Murrah,,,,,,,,
PLU5054,Plunkett Cooney,,,,,,,,
POR9170,Porzio Bromberg,,,,,,,,
POS6813,Post & Schell,,,,,,,,
POT7212,Potomac Law,,,,,,,,
QUI1960,Quintairos Prieto,,,,,,,,
REI2337,Reichman Jorgensen Lehman & Feldberg LLP,,,,,,,,
REM1460,Reminger,,,,,,,,
RES7676,Resnick & Louis,,,,,,,,
RIK8054,Riker Danzig,,,,,,,,
RIL9909,Riley Safer,,,,,,,,
ROB1067,Robins Kaplan,,,,,,,,
ROB6426,Robbins Geller,,,,,,,,
ROE1481,Roetzel & Andress,,,,,,,,
ROI1836,Roig Lawyers,,,,,,,,
ROP7369,Ropers Majeski,,,,,,,,
RUM7364,Rumberger Kirk,,,,,,,,
SAN6700,Sandberg Phoenix,,,,,,,,
SCH1170,Schwegman Lundberg,,,,,,,,
SCH2657,Schwabe Williamson,,,,,,,,
SCH6594,Schnader Harrison,,,,,,,,
SCO8474,Scott + Scott,,,,,,,,
SEE6209,Seed IP Law Group,,,,,,,,
SEG8096,Segal McCambridge,,,,,,,,
SEL1226,Selman Breitman,,,,,,,,
SEL8060,Selendy Gay Elsberg PLLC,,,,,,,,
SHO1761,Shook Hardy,,,,,,,,
SID2685,Sideman & Bancroft,,,,,,,,
SIL5056,Sills Cummis,,,,,,,,
SIM8515,Simmons Hanly,,,,,,,,
SKA3902,Skarzynski Marick & Black LLP,,,,,,,,
SPE1360,Spencer Fane,,,,,,,,
SPI8938,Spilman Thomas,,,,,,,,
STA8955,Stark & Stark,,,,,,,,
STE1034,Sterne Kessler,,,,,,,,
STE7248,Steptoe & Johnson PLLC,,,,,,,,
STI3359,Stites & Harbison,,,,,,,,
STO9324,Stokes Lawrence,,,,,,,,
SUM6413,Summit Law Group,,,,,,,,
SUS1581,Susman Godfrey,,,,,,,,
SWA4059,Swanson Martin,,,,,,,,
SWI7537,Swift Currie,,,,,,,,
TAY2477,Taylor English,,,,,,,,
THO6642,Thompson Coe,,,,,,,,
THO6712,Thomas J. Henry Injury Attorneys,,,,,,,,
TRA4715,Traub Lieberman,,,,,,,,
TRE5045,Tressler LLP,,,,,,,,
TYS2813,Tyson & Mendes,,,,,,,,
VAN6642,Van Ness Feldman,,,,,,,,
VER2536,Vernis & Bowling,,,,,,,,
VER5272,Verrill Dana,,,,,,,,
VON1597,von Briesen,,,,,,,,
WAL1179,Walden Macht,,,,,,,,
WAL2160,Walsworth,,,,,,,,
WAL2484,Walter Haverfield,,,,,,,,
WEB9051,Weber Gallagher,,,,,,,,
WEI4537,Weitz & Luxenberg,,,,,,,,
WHE9184,Wheeler Trigg,,,,,,,,
WHI2634,White and Williams,,,,,,,,
WIC9785,Wicker Smith,,,,,,,,
WIG7775,Wiggin and Dana,,,,,,,,
WIL7221,Wilkinson Stekloff LLP,,,,,,,,
WIL7425,Wiley,,,,,,,,
WIL7700,Wilson Elser,,,,,,,,
WIL9388,Wilson Turner,,,,,,,,
WIT7534,Withers Bergman,,,,,,,,
WOL9333,Wolf Greenfield,,,,,,,,
WOO5611,Wood Smith,,,,,,,,
ZWI7124,ZwillGen,,,,,,,,